{
"type": "FeatureCollection",
"name": "eisenwurzen_hex_grid_res8",
"crs": { "type": "name", "properties": { "name": "urn:ogc:def:crs:OGC:1.3:CRS84" } },
"features": [
{ "type": "Feature", "properties": { "index": "881e140409fffff" }, "geometry": { "type": "Polygon", "coordinates": [ [ [ 14.430892364227786, 47.735774142429747 ], [ 14.428752155155143, 47.731270293088322 ], [ 14.433686748464419, 47.728008596903216 ], [ 14.44076167893366, 47.729250581163583 ], [ 14.442902624682539, 47.733754400582129 ], [ 14.437967903348902, 47.737016265682513 ], [ 14.430892364227786, 47.735774142429747 ] ] ] } },
{ "type": "Feature", "properties": { "index": "881e1406edfffff" }, "geometry": { "type": "Polygon", "coordinates": [ [ [ 14.452960379595796, 47.768535046236664 ], [ 14.450817793668335, 47.764033131361543 ], [ 14.455753922074949, 47.76077194378157 ], [ 14.462832763865634, 47.762012502069346 ], [ 14.464976086791234, 47.766514386655196 ], [ 14.460039830991152, 47.769775743261867 ], [ 14.452960379595796, 47.768535046236664 ] ] ] } },
{ "type": "Feature", "properties": { "index": "881e14a945fffff" }, "geometry": { "type": "Polygon", "coordinates": [ [ [ 14.451846671228713, 47.834332421542825 ], [ 14.449702309064882, 47.829833892824546 ], [ 14.454642728653406, 47.826575924362977 ], [ 14.461727638119902, 47.827816315514816 ], [ 14.463872738570702, 47.832314813726846 ], [ 14.458932191331353, 47.835572951312635 ], [ 14.451846671228713, 47.834332421542825 ] ] ] } },
{ "type": "Feature", "properties": { "index": "881e1406b5fffff" }, "geometry": { "type": "Polygon", "coordinates": [ [ [ 14.50659929243416, 47.744911852735065 ], [ 14.504453828146643, 47.740409321840957 ], [ 14.50938700712018, 47.737144412885144 ], [ 14.516465775958919, 47.738381865701122 ], [ 14.518611976031252, 47.742884365774238 ], [ 14.51367867154338, 47.74614944387168 ], [ 14.50659929243416, 47.744911852735065 ] ] ] } },
{ "type": "Feature", "properties": { "index": "881e141515fffff" }, "geometry": { "type": "Polygon", "coordinates": [ [ [ 14.269894311655509, 47.806431344674145 ], [ 14.267762775051944, 47.801929360340139 ], [ 14.272706159475224, 47.798678842962296 ], [ 14.27978121422953, 47.799930141380422 ], [ 14.281913491125101, 47.80443209738948 ], [ 14.276969973036815, 47.807682783324793 ], [ 14.269894311655509, 47.806431344674145 ] ] ] } },
{ "type": "Feature", "properties": { "index": "881e140449fffff" }, "geometry": { "type": "Polygon", "coordinates": [ [ [ 14.413289181114266, 47.753319669009585 ], [ 14.411149643345917, 47.748816527362237 ], [ 14.416085834905353, 47.745556523435603 ], [ 14.423161692969813, 47.746799492284126 ], [ 14.42530196800033, 47.751302604149238 ], [ 14.420365647767163, 47.754562776967369 ], [ 14.413289181114266, 47.753319669009585 ] ] ] } },
{ "type": "Feature", "properties": { "index": "881e1414d3fffff" }, "geometry": { "type": "Polygon", "coordinates": [ [ [ 14.422195560202141, 47.853871247914086 ], [ 14.420052609201811, 47.849373398587439 ], [ 14.424995080695124, 47.846117803196762 ], [ 14.432080631965878, 47.847359888081542 ], [ 14.434224322050378, 47.851857707172123 ], [ 14.429281721843207, 47.855113471633373 ], [ 14.422195560202141, 47.853871247914086 ] ] ] } },
{ "type": "Feature", "properties": { "index": "881e140715fffff" }, "geometry": { "type": "Polygon", "coordinates": [ [ [ 14.373639015998148, 47.738089795280111 ], [ 14.371502525507301, 47.733585429658092 ], [ 14.376438774731813, 47.730326608957562 ], [ 14.383511644461423, 47.731571985142793 ], [ 14.385648872475604, 47.736076321489939 ], [ 14.380712493299585, 47.739335310946061 ], [ 14.373639015998148, 47.738089795280111 ] ] ] } },
{ "type": "Feature", "properties": { "index": "881e140623fffff" }, "geometry": { "type": "Polygon", "coordinates": [ [ [ 14.410491984320933, 47.761081937707885 ], [ 14.408352413819474, 47.756579164941911 ], [ 14.413289181114266, 47.753319669009585 ], [ 14.420365647767163, 47.754562776967369 ], [ 14.422505955720036, 47.759065519956131 ], [ 14.417569059631525, 47.762325184783641 ], [ 14.410491984320933, 47.761081937707885 ] ] ] } },
{ "type": "Feature", "properties": { "index": "881e140441fffff" }, "geometry": { "type": "Polygon", "coordinates": [ [ [ 14.416085834905353, 47.745556523435603 ], [ 14.413946329907906, 47.741053012998975 ], [ 14.418881945838978, 47.737792501178795 ], [ 14.425957195384211, 47.739035330926754 ], [ 14.42809743745465, 47.74353881157613 ], [ 14.423161692969813, 47.746799492284126 ], [ 14.416085834905353, 47.745556523435603 ] ] ] } },
{ "type": "Feature", "properties": { "index": "881e1406e7fffff" }, "geometry": { "type": "Polygon", "coordinates": [ [ [ 14.467768443545424, 47.758750637688657 ], [ 14.465625154223888, 47.754248384062407 ], [ 14.470560257890623, 47.750986012008511 ], [ 14.477638777805845, 47.752225724546456 ], [ 14.479782803727815, 47.756727947747997 ], [ 14.474847573197316, 47.7599904888556 ], [ 14.467768443545424, 47.758750637688657 ] ] ] } },
{ "type": "Feature", "properties": { "index": "881e1415c5fffff" }, "geometry": { "type": "Polygon", "coordinates": [ [ [ 14.303142569687155, 47.808183021005341 ], [ 14.301008781759359, 47.803681491326408 ], [ 14.30595141388531, 47.800429449413052 ], [ 14.313027966557801, 47.801678768540704 ], [ 14.315162494349675, 47.806180269507266 ], [ 14.310219729667594, 47.809432480077945 ], [ 14.303142569687155, 47.808183021005341 ] ] ] } },
{ "type": "Feature", "properties": { "index": "881e14a963fffff" }, "geometry": { "type": "Polygon", "coordinates": [ [ [ 14.457438242541247, 47.818818548849436 ], [ 14.455293947324652, 47.814319280501977 ], [ 14.460233213037403, 47.811060295193741 ], [ 14.467316901440995, 47.81230040913627 ], [ 14.469461934565059, 47.816799646967887 ], [ 14.464522541441392, 47.820058801392165 ], [ 14.457438242541247, 47.818818548849436 ] ] ] } },
{ "type": "Feature", "properties": { "index": "881e1406c9fffff" }, "geometry": { "type": "Polygon", "coordinates": [ [ [ 14.477841654811265, 47.793520312061993 ], [ 14.475696722959452, 47.789019965486872 ], [ 14.480633809141494, 47.785758778589681 ], [ 14.487715953879531, 47.786997769152258 ], [ 14.489861622861095, 47.791498085066614 ], [ 14.484924410038188, 47.794759441098485 ], [ 14.477841654811265, 47.793520312061993 ] ] ] } },
{ "type": "Feature", "properties": { "index": "881e140253fffff" }, "geometry": { "type": "Polygon", "coordinates": [ [ [ 14.209048726601559, 47.78739808091872 ], [ 14.206921753880005, 47.782894452971519 ], [ 14.211865480927136, 47.779645965404363 ], [ 14.218936316394442, 47.780900937454753 ], [ 14.221064029879649, 47.785404537842759 ], [ 14.216120167196051, 47.788653193759004 ], [ 14.209048726601559, 47.78739808091872 ] ] ] } },
{ "type": "Feature", "properties": { "index": "881e141485fffff" }, "geometry": { "type": "Polygon", "coordinates": [ [ [ 14.385292754169228, 47.830902864842813 ], [ 14.383152890774792, 47.826403416139087 ], [ 14.388094844505247, 47.82314849667825 ], [ 14.395176791569657, 47.824392857010999 ], [ 14.397317394121282, 47.828892275981502 ], [ 14.392375310514332, 47.832147364371885 ], [ 14.385292754169228, 47.830902864842813 ] ] ] } },
{ "type": "Feature", "properties": { "index": "881e14ab23fffff" }, "geometry": { "type": "Polygon", "coordinates": [ [ [ 14.455484867930346, 47.85558097526696 ], [ 14.453339666772139, 47.851083587168532 ], [ 14.458281368557321, 47.847826466821715 ], [ 14.465368399163712, 47.849066565425034 ], [ 14.467514338969602, 47.853563922901067 ], [ 14.462572509584803, 47.856821212415518 ], [ 14.455484867930346, 47.85558097526696 ] ] ] } },
{ "type": "Feature", "properties": { "index": "881e140289fffff" }, "geometry": { "type": "Polygon", "coordinates": [ [ [ 14.262732613744562, 47.763905295992174 ], [ 14.260602739854662, 47.759401041450836 ], [ 14.265543554083889, 47.756148823898869 ], [ 14.272614376021258, 47.757400692435311 ], [ 14.274744989477117, 47.76190491888385 ], [ 14.269804041491966, 47.765157304908158 ], [ 14.262732613744562, 47.763905295992174 ] ] ] } },
{ "type": "Feature", "properties": { "index": "881e140647fffff" }, "geometry": { "type": "Polygon", "coordinates": [ [ [ 14.399297764228058, 47.792122239892464 ], [ 14.397158063172677, 47.787620943571106 ], [ 14.402097134479037, 47.784363480622382 ], [ 14.409176036178128, 47.785607145104208 ], [ 14.411316475442456, 47.790108411668143 ], [ 14.406377274861761, 47.793366043527037 ], [ 14.399297764228058, 47.792122239892464 ] ] ] } },
{ "type": "Feature", "properties": { "index": "881e14070bfffff" }, "geometry": { "type": "Polygon", "coordinates": [ [ [ 14.358827521721695, 47.747863547886389 ], [ 14.356691737060041, 47.743359521750435 ], [ 14.361629006633258, 47.740101886096966 ], [ 14.368702191412057, 47.741348107871275 ], [ 14.370838713992889, 47.745852104868106 ], [ 14.365901313938453, 47.74910990924915 ], [ 14.358827521721695, 47.747863547886389 ] ] ] } },
{ "type": "Feature", "properties": { "index": "881e140487fffff" }, "geometry": { "type": "Polygon", "coordinates": [ [ [ 14.520532451428222, 47.70606589544353 ], [ 14.518387158746673, 47.70156152126755 ], [ 14.523317459619017, 47.69829407754132 ], [ 14.530393178155737, 47.699530838887682 ], [ 14.532539205677157, 47.704035182217119 ], [ 14.527608779885293, 47.707302795065992 ], [ 14.520532451428222, 47.70606589544353 ] ] ] } },
{ "type": "Feature", "properties": { "index": "881e141497fffff" }, "geometry": { "type": "Polygon", "coordinates": [ [ [ 14.430592489281628, 47.83060827715137 ], [ 14.428449637393086, 47.826109317941906 ], [ 14.433390377665638, 47.822852196205574 ], [ 14.440474098242932, 47.824093864639778 ], [ 14.442617688646015, 47.828592793598972 ], [ 14.437676820020448, 47.831850084393579 ], [ 14.430592489281628, 47.83060827715137 ] ] ] } },
{ "type": "Feature", "properties": { "index": "881e140617fffff" }, "geometry": { "type": "Polygon", "coordinates": [ [ [ 14.450166294385957, 47.776297271675801 ], [ 14.448023675081382, 47.771795725938006 ], [ 14.452960379595796, 47.768535046236664 ], [ 14.460039830991152, 47.769775743261867 ], [ 14.462183187483225, 47.774277258715351 ], [ 14.457246355455602, 47.777538107447256 ], [ 14.450166294385957, 47.776297271675801 ] ] ] } },
{ "type": "Feature", "properties": { "index": "881e141489fffff" }, "geometry": { "type": "Polygon", "coordinates": [ [ [ 14.391713952676506, 47.844399672239589 ], [ 14.389573285075699, 47.839900992945978 ], [ 14.394515945609559, 47.836646413549538 ], [ 14.401599403513993, 47.837890344497261 ], [ 14.403740810443834, 47.842388993936687 ], [ 14.398798020203316, 47.845643742301981 ], [ 14.391713952676506, 47.844399672239589 ] ] ] } },
{ "type": "Feature", "properties": { "index": "881e141095fffff" }, "geometry": { "type": "Polygon", "coordinates": [ [ [ 14.1857560828589, 47.82038730948522 ], [ 14.183629734042068, 47.815885130540664 ], [ 14.188576203076568, 47.812639361094838 ], [ 14.195649157524379, 47.813895602283289 ], [ 14.197776248067553, 47.818397753819063 ], [ 14.192829642498724, 47.82164369159468 ], [ 14.1857560828589, 47.82038730948522 ] ] ] } },
{ "type": "Feature", "properties": { "index": "881e14070dfffff" }, "geometry": { "type": "Polygon", "coordinates": [ [ [ 14.337608533451364, 47.744121918752285 ], [ 14.33547425676989, 47.739617466089946 ], [ 14.340411839727794, 47.736360676107651 ], [ 14.347483830609196, 47.73760817014621 ], [ 14.349618845433495, 47.742112593925825 ], [ 14.344681131296182, 47.745369552568981 ], [ 14.337608533451364, 47.744121918752285 ] ] ] } },
{ "type": "Feature", "properties": { "index": "881e141513fffff" }, "geometry": { "type": "Polygon", "coordinates": [ [ [ 14.291122498091628, 47.810184387852388 ], [ 14.288989450233977, 47.805682829591831 ], [ 14.293932525553435, 47.802431465631784 ], [ 14.301008781759359, 47.803681491326408 ], [ 14.303142569687155, 47.808183021005341 ], [ 14.298199361401432, 47.811434553590701 ], [ 14.291122498091628, 47.810184387852388 ] ] ] } },
{ "type": "Feature", "properties": { "index": "881e1415b9fffff" }, "geometry": { "type": "Polygon", "coordinates": [ [ [ 14.344811940388421, 47.786658697433033 ], [ 14.342675996793572, 47.782156515828284 ], [ 14.347616144708116, 47.778901422751794 ], [ 14.354692367364279, 47.780148342553971 ], [ 14.35682904982491, 47.784650495044481 ], [ 14.351888770826321, 47.787905756866458 ], [ 14.344811940388421, 47.786658697433033 ] ] ] } },
{ "type": "Feature", "properties": { "index": "881e1402d3fffff" }, "geometry": { "type": "Polygon", "coordinates": [ [ [ 14.293152881224863, 47.773414221390517 ], [ 14.291020727458099, 47.768910789106783 ], [ 14.295961366493454, 47.76565755699626 ], [ 14.303034292128213, 47.766907588613321 ], [ 14.305167185223413, 47.771410992421686 ], [ 14.300226413417917, 47.77466439310777 ], [ 14.293152881224863, 47.773414221390517 ] ] ] } },
{ "type": "Feature", "properties": { "index": "881e1404adfffff" }, "geometry": { "type": "Polygon", "coordinates": [ [ [ 14.490087783010623, 47.696609100493426 ], [ 14.487944763871543, 47.692103897864271 ], [ 14.49287526329193, 47.688837468063738 ], [ 14.499948907824061, 47.690076071887681 ], [ 14.502092662051455, 47.694581244051257 ], [ 14.497162036721566, 47.69784784287576 ], [ 14.490087783010623, 47.696609100493426 ] ] ] } },
{ "type": "Feature", "properties": { "index": "881e140711fffff" }, "geometry": { "type": "Polygon", "coordinates": [ [ [ 14.382849753592918, 47.743839278673107 ], [ 14.380712493299585, 47.739335310946061 ], [ 14.385648872475604, 47.736076321489939 ], [ 14.392722641670099, 47.73732113098972 ], [ 14.394860639469012, 47.741825069316306 ], [ 14.389924130630661, 47.74508422756292 ], [ 14.382849753592918, 47.743839278673107 ] ] ] } },
{ "type": "Feature", "properties": { "index": "881e140681fffff" }, "geometry": { "type": "Polygon", "coordinates": [ [ [ 14.498232897399999, 47.7682089143658 ], [ 14.496087330597, 47.763707490547816 ], [ 14.501022237718816, 47.760444103668483 ], [ 14.508102837578971, 47.761681971473138 ], [ 14.510249140734446, 47.766183364485187 ], [ 14.50531410774064, 47.769446920517836 ], [ 14.498232897399999, 47.7682089143658 ] ] ] } },
{ "type": "Feature", "properties": { "index": "881e14158bfffff" }, "geometry": { "type": "Polygon", "coordinates": [ [ [ 14.339201898654565, 47.802170612608727 ], [ 14.337065891753419, 47.797669169459027 ], [ 14.342007191752247, 47.794415094115962 ], [ 14.349084630040624, 47.795662293189189 ], [ 14.351221376186592, 47.800163707234468 ], [ 14.346279944862154, 47.80341795133036 ], [ 14.339201898654565, 47.802170612608727 ] ] ] } },
{ "type": "Feature", "properties": { "index": "881e14044bfffff" }, "geometry": { "type": "Polygon", "coordinates": [ [ [ 14.42530196800033, 47.751302604149238 ], [ 14.423161692969813, 47.746799492284126 ], [ 14.42809743745465, 47.74353881157613 ], [ 14.435173585296988, 47.744781073829962 ], [ 14.437314597382004, 47.749284155782298 ], [ 14.432378724633196, 47.752545005412884 ], [ 14.42530196800033, 47.751302604149238 ] ] ] } },
{ "type": "Feature", "properties": { "index": "881e14150dfffff" }, "geometry": { "type": "Polygon", "coordinates": [ [ [ 14.233835913551371, 47.812420779574872 ], [ 14.231706599055931, 47.807918711051023 ], [ 14.23665130800668, 47.804670228077363 ], [ 14.243725466410007, 47.805923645186567 ], [ 14.245855521813299, 47.810425685777972 ], [ 14.240910677967729, 47.81367433721207 ], [ 14.233835913551371, 47.812420779574872 ] ] ] } },
{ "type": "Feature", "properties": { "index": "881e1415ebfffff" }, "geometry": { "type": "Polygon", "coordinates": [ [ [ 14.30595141388531, 47.800429449413052 ], [ 14.303817657022829, 47.795927550446194 ], [ 14.308759713095753, 47.792674999304801 ], [ 14.315835658528757, 47.793924178496006 ], [ 14.317970155065698, 47.798426048745618 ], [ 14.313027966557801, 47.801678768540704 ], [ 14.30595141388531, 47.800429449413052 ] ] ] } },
{ "type": "Feature", "properties": { "index": "881e140445fffff" }, "geometry": { "type": "Polygon", "coordinates": [ [ [ 14.40687137056857, 47.739809476812987 ], [ 14.404732635471088, 47.735305568017509 ], [ 14.409668122558774, 47.732045225050406 ], [ 14.416742473650219, 47.733288622045059 ], [ 14.418881945838978, 47.737792501178795 ], [ 14.413946329907906, 47.741053012998975 ], [ 14.40687137056857, 47.739809476812987 ] ] ] } },
{ "type": "Feature", "properties": { "index": "881e141597fffff" }, "geometry": { "type": "Polygon", "coordinates": [ [ [ 14.366043627174184, 47.790398601848644 ], [ 14.363906174003334, 47.785896847774886 ], [ 14.368846007673421, 47.782640908463165 ], [ 14.375923424961774, 47.7838865544323 ], [ 14.378061616774115, 47.788388279135461 ], [ 14.373121652719478, 47.791644387259495 ], [ 14.366043627174184, 47.790398601848644 ] ] ] } },
{ "type": "Feature", "properties": { "index": "881e14a92dfffff" }, "geometry": { "type": "Polygon", "coordinates": [ [ [ 14.451006161815103, 47.805319974042376 ], [ 14.44886267143344, 47.800819936036248 ], [ 14.453801232787455, 47.797560611532234 ], [ 14.4608834121684, 47.798801155976584 ], [ 14.463027640287006, 47.803301163587619 ], [ 14.458088951350984, 47.806560657168767 ], [ 14.451006161815103, 47.805319974042376 ] ] ] } },
{ "type": "Feature", "properties": { "index": "881e1406a7fffff" }, "geometry": { "type": "Polygon", "coordinates": [ [ [ 14.485363518807022, 47.74119652758187 ], [ 14.483219560584214, 47.736693566585799 ], [ 14.488153063360468, 47.733429503075648 ], [ 14.495230650637778, 47.734668231504131 ], [ 14.497375344874058, 47.739171161934983 ], [ 14.492441715882789, 47.742435394521863 ], [ 14.485363518807022, 47.74119652758187 ] ] ] } },
{ "type": "Feature", "properties": { "index": "881e141593fffff" }, "geometry": { "type": "Polygon", "coordinates": [ [ [ 14.3752598767345, 47.796145742704006 ], [ 14.373121652719478, 47.791644387259495 ], [ 14.378061616774115, 47.788388279135461 ], [ 14.385139935001595, 47.789633357627856 ], [ 14.387278897640488, 47.794134683576075 ], [ 14.382338803490931, 47.797390960547581 ], [ 14.3752598767345, 47.796145742704006 ] ] ] } },
{ "type": "Feature", "properties": { "index": "881e140669fffff" }, "geometry": { "type": "Polygon", "coordinates": [ [ [ 14.378061616774115, 47.788388279135461 ], [ 14.375923424961774, 47.7838865544323 ], [ 14.38086281287965, 47.780629937703324 ], [ 14.387940522647197, 47.781874876853145 ], [ 14.390079452893916, 47.786376572055119 ], [ 14.385139935001595, 47.789633357627856 ], [ 14.378061616774115, 47.788388279135461 ] ] ] } },
{ "type": "Feature", "properties": { "index": "881e1406d5fffff" }, "geometry": { "type": "Polygon", "coordinates": [ [ [ 14.504671207495912, 47.781711647312726 ], [ 14.502524835805135, 47.777210992801372 ], [ 14.507460445182451, 47.773947944325492 ], [ 14.514542552014122, 47.775185381188471 ], [ 14.516689660226909, 47.779686004773467 ], [ 14.511753925149401, 47.782949222441133 ], [ 14.504671207495912, 47.781711647312726 ] ] ] } },
{ "type": "Feature", "properties": { "index": "881e1402c9fffff" }, "geometry": { "type": "Polygon", "coordinates": [ [ [ 14.245094216606478, 47.781413300504809 ], [ 14.242965022207537, 47.776909755628012 ], [ 14.247907428368107, 47.773659234258893 ], [ 14.254979163398062, 47.77491208933931 ], [ 14.257109097946694, 47.779415606264145 ], [ 14.252166557377977, 47.782666296079952 ], [ 14.245094216606478, 47.781413300504809 ] ] ] } },
{ "type": "Feature", "properties": { "index": "881e140717fffff" }, "geometry": { "type": "Polygon", "coordinates": [ [ [ 14.385648872475604, 47.736076321489939 ], [ 14.383511644461423, 47.731571985142793 ], [ 14.388447448262427, 47.728312487681606 ], [ 14.395520609682572, 47.729557157799945 ], [ 14.39765857501326, 47.734061464741565 ], [ 14.392722641670099, 47.73732113098972 ], [ 14.385648872475604, 47.736076321489939 ] ] ] } },
{ "type": "Feature", "properties": { "index": "881e140741fffff" }, "geometry": { "type": "Polygon", "coordinates": [ [ [ 14.33200028936036, 47.759641772662306 ], [ 14.32986594967201, 47.755138057372641 ], [ 14.334804683377159, 47.751882284334727 ], [ 14.341877888253954, 47.753130057938058 ], [ 14.344012966463527, 47.757633744355054 ], [ 14.339074101337715, 47.760889686060779 ], [ 14.33200028936036, 47.759641772662306 ] ] ] } },
{ "type": "Feature", "properties": { "index": "881e1404cbfffff" }, "geometry": { "type": "Polygon", "coordinates": [ [ [ 14.50938700712018, 47.737144412885144 ], [ 14.507241577079235, 47.732641513149929 ], [ 14.512174180217988, 47.729376097037438 ], [ 14.519252338856287, 47.730613411541682 ], [ 14.521398504492955, 47.735116280450853 ], [ 14.516465775958919, 47.738381865701122 ], [ 14.50938700712018, 47.737144412885144 ] ] ] } },
{ "type": "Feature", "properties": { "index": "881e14a941fffff" }, "geometry": { "type": "Polygon", "coordinates": [ [ [ 14.461077325389013, 47.84007107957796 ], [ 14.458932191331353, 47.835572951312635 ], [ 14.463872738570702, 47.832314813726846 ], [ 14.470958547290675, 47.833554635266481 ], [ 14.473104419616174, 47.838052732899968 ], [ 14.468163745017248, 47.841311039644985 ], [ 14.461077325389013, 47.84007107957796 ] ] ] } },
{ "type": "Feature", "properties": { "index": "881e14156dfffff" }, "geometry": { "type": "Polygon", "coordinates": [ [ [ 14.200595187176139, 47.810649154350031 ], [ 14.198468126030127, 47.806146633574201 ], [ 14.203413579871214, 47.802899675582879 ], [ 14.21048623092287, 47.804155070027697 ], [ 14.212614033401238, 47.808657563258976 ], [ 14.207668443557772, 47.811904689609477 ], [ 14.200595187176139, 47.810649154350031 ] ] ] } },
{ "type": "Feature", "properties": { "index": "881e141569fffff" }, "geometry": { "type": "Polygon", "coordinates": [ [ [ 14.209796275622937, 47.816406813605518 ], [ 14.207668443557772, 47.811904689609477 ], [ 14.212614033401238, 47.808657563258976 ], [ 14.219687591086743, 47.809912392528737 ], [ 14.221816164469395, 47.81441448885414 ], [ 14.216870438911307, 47.81766178359991 ], [ 14.209796275622937, 47.816406813605518 ] ] ] } },
{ "type": "Feature", "properties": { "index": "881e1414d5fffff" }, "geometry": { "type": "Polygon", "coordinates": [ [ [ 14.400939459790662, 47.850142021770957 ], [ 14.398798020203316, 47.845643742301981 ], [ 14.403740810443834, 47.842388993936687 ], [ 14.410825169750863, 47.8436323560556 ], [ 14.412967348649143, 47.848130605544675 ], [ 14.408024428992578, 47.851385522914129 ], [ 14.400939459790662, 47.850142021770957 ] ] ] } },
{ "type": "Feature", "properties": { "index": "881e14a929fffff" }, "geometry": { "type": "Polygon", "coordinates": [ [ [ 14.460233213037403, 47.811060295193741 ], [ 14.458088951350984, 47.806560657168767 ], [ 14.463027640287006, 47.803301163587619 ], [ 14.470110718263824, 47.804541138938802 ], [ 14.472255717668062, 47.809040746443124 ], [ 14.467316901440995, 47.81230040913627 ], [ 14.460233213037403, 47.811060295193741 ] ] ] } },
{ "type": "Feature", "properties": { "index": "881e140483fffff" }, "geometry": { "type": "Polygon", "coordinates": [ [ [ 14.529754841991377, 47.711806769929112 ], [ 14.527608779885293, 47.707302795065992 ], [ 14.532539205677157, 47.704035182217119 ], [ 14.53961581826726, 47.705271375093886 ], [ 14.541762615192964, 47.70977531898523 ], [ 14.536832064772296, 47.713043100990831 ], [ 14.529754841991377, 47.711806769929112 ] ] ] } },
{ "type": "Feature", "properties": { "index": "881e14152dfffff" }, "geometry": { "type": "Polygon", "coordinates": [ [ [ 14.218247910384406, 47.793156425186353 ], [ 14.216120167196051, 47.788653193759004 ], [ 14.221064029879649, 47.785404537842759 ], [ 14.228135771162627, 47.786658944988218 ], [ 14.230264255099659, 47.791162148730322 ], [ 14.22532025706723, 47.79441097303166 ], [ 14.218247910384406, 47.793156425186353 ] ] ] } },
{ "type": "Feature", "properties": { "index": "881e1406b9fffff" }, "geometry": { "type": "Polygon", "coordinates": [ [ [ 14.513037294296737, 47.75841790798458 ], [ 14.510891025464955, 47.753916145860074 ], [ 14.515824906014096, 47.750651575016569 ], [ 14.522905180800914, 47.751888597137018 ], [ 14.525052185586736, 47.756390328320258 ], [ 14.520118179695089, 47.759655068343598 ], [ 14.513037294296737, 47.75841790798458 ] ] ] } },
{ "type": "Feature", "properties": { "index": "881e14065bfffff" }, "geometry": { "type": "Polygon", "coordinates": [ [ [ 14.438984523341299, 47.807337399424817 ], [ 14.43684177090509, 47.802837331153945 ], [ 14.441780780923212, 47.79957868397311 ], [ 14.44886267143344, 47.800819936036248 ], [ 14.451006161815103, 47.805319974042376 ], [ 14.446067023804277, 47.808578790269458 ], [ 14.438984523341299, 47.807337399424817 ] ] ] } },
{ "type": "Feature", "properties": { "index": "881e140437fffff" }, "geometry": { "type": "Polygon", "coordinates": [ [ [ 14.454072172119087, 47.702684376484335 ], [ 14.451931359493946, 47.698179083241605 ], [ 14.456863204162396, 47.694914681235346 ], [ 14.46393598865583, 47.69615540355931 ], [ 14.466077536993613, 47.700660666728076 ], [ 14.461145565188332, 47.703925237666162 ], [ 14.454072172119087, 47.702684376484335 ] ] ] } },
{ "type": "Feature", "properties": { "index": "881e1415bdfffff" }, "geometry": { "type": "Polygon", "coordinates": [ [ [ 14.335600068305142, 47.7809088894805 ], [ 14.333464895303607, 47.776406309797316 ], [ 14.338404911844924, 47.773151385430985 ], [ 14.345480232823682, 47.774398872057063 ], [ 14.347616144708116, 47.778901422751794 ], [ 14.342675996793572, 47.782156515828284 ], [ 14.335600068305142, 47.7809088894805 ] ] ] } },
{ "type": "Feature", "properties": { "index": "881e140219fffff" }, "geometry": { "type": "Polygon", "coordinates": [ [ [ 14.211865480927136, 47.779645965404363 ], [ 14.209738537758021, 47.775141968583277 ], [ 14.214681689419827, 47.771892971357211 ], [ 14.221751919827483, 47.773147802625893 ], [ 14.223879603570833, 47.777651771882901 ], [ 14.218936316394442, 47.780900937454753 ], [ 14.211865480927136, 47.779645965404363 ] ] ] } },
{ "type": "Feature", "properties": { "index": "881e140657fffff" }, "geometry": { "type": "Polygon", "coordinates": [ [ [ 14.432557070386414, 47.793836425445306 ], [ 14.430415122215255, 47.789335588113595 ], [ 14.435353427533228, 47.786076601659275 ], [ 14.442433809248788, 47.787318283548615 ], [ 14.444576495194605, 47.791819090736297 ], [ 14.439638061713337, 47.795078246198031 ], [ 14.432557070386414, 47.793836425445306 ] ] ] } },
{ "type": "Feature", "properties": { "index": "881e1415b1fffff" }, "geometry": { "type": "Polygon", "coordinates": [ [ [ 14.347616144708116, 47.778901422751794 ], [ 14.345480232823682, 47.774398872057063 ], [ 14.350419804856369, 47.771143270264282 ], [ 14.357495419799552, 47.772390050443754 ], [ 14.359632070360318, 47.776892572019335 ], [ 14.354692367364279, 47.780148342553971 ], [ 14.347616144708116, 47.778901422751794 ] ] ] } },
{ "type": "Feature", "properties": { "index": "881e140453fffff" }, "geometry": { "type": "Polygon", "coordinates": [ [ [ 14.461339379420501, 47.745243108594586 ], [ 14.459196893850148, 47.740740086859411 ], [ 14.464131294576445, 47.737477376248535 ], [ 14.471208307970851, 47.738717518376809 ], [ 14.473351529971632, 47.743220509807671 ], [ 14.468417002210712, 47.746483389433891 ], [ 14.461339379420501, 47.745243108594586 ] ] ] } },
{ "type": "Feature", "properties": { "index": "881e140685fffff" }, "geometry": { "type": "Polygon", "coordinates": [ [ [ 14.489007016906296, 47.762468915353558 ], [ 14.48686222060995, 47.757967091737584 ], [ 14.49179700156882, 47.754703873977121 ], [ 14.498876705050261, 47.755942310733055 ], [ 14.501022237718816, 47.760444103668483 ], [ 14.496087330597, 47.763707490547816 ], [ 14.489007016906296, 47.762468915353558 ] ] ] } },
{ "type": "Feature", "properties": { "index": "881e140411fffff" }, "geometry": { "type": "Polygon", "coordinates": [ [ [ 14.466922667580764, 47.729710767658325 ], [ 14.464780249103038, 47.725207008477206 ], [ 14.469713498578143, 47.721943283017275 ], [ 14.476789293389841, 47.723183147749893 ], [ 14.478932447919835, 47.727686876616545 ], [ 14.473999071648993, 47.730950771084366 ], [ 14.466922667580764, 47.729710767658325 ] ] ] } },
{ "type": "Feature", "properties": { "index": "881e1404ddfffff" }, "geometry": { "type": "Polygon", "coordinates": [ [ [ 14.521398504492955, 47.735116280450853 ], [ 14.519252338856287, 47.730613411541682 ], [ 14.524184491543799, 47.72734731923979 ], [ 14.531262934916755, 47.728583926698214 ], [ 14.53340983593999, 47.733086764650963 ], [ 14.528477558267065, 47.736353026121002 ], [ 14.521398504492955, 47.735116280450853 ] ] ] } },
{ "type": "Feature", "properties": { "index": "881e141545fffff" }, "geometry": { "type": "Polygon", "coordinates": [ [ [ 14.218999042031669, 47.822163510603538 ], [ 14.216870438911307, 47.81766178359991 ], [ 14.221816164469395, 47.81441448885414 ], [ 14.228890628636867, 47.815668752700105 ], [ 14.231019973059697, 47.820170451907003 ], [ 14.226074112074896, 47.823417915084129 ], [ 14.218999042031669, 47.822163510603538 ] ] ] } },
{ "type": "Feature", "properties": { "index": "881e140459fffff" }, "geometry": { "type": "Polygon", "coordinates": [ [ [ 14.446533425596943, 47.755028533337388 ], [ 14.444391643364453, 47.750525850294693 ], [ 14.449327068206367, 47.747264323925179 ], [ 14.45640440290793, 47.748505311629387 ], [ 14.458546921968255, 47.753007964503261 ], [ 14.45361136956226, 47.756269659861069 ], [ 14.446533425596943, 47.755028533337388 ] ] ] } },
{ "type": "Feature", "properties": { "index": "881e140719fffff" }, "geometry": { "type": "Polygon", "coordinates": [ [ [ 14.380050091469569, 47.751601359038133 ], [ 14.377912798935048, 47.747097760023358 ], [ 14.382849753592918, 47.743839278673107 ], [ 14.389924130630661, 47.74508422756292 ], [ 14.392062160859968, 47.749587797182272 ], [ 14.387125076419551, 47.752846447326597 ], [ 14.380050091469569, 47.751601359038133 ] ] ] } },
{ "type": "Feature", "properties": { "index": "881e14152bfffff" }, "geometry": { "type": "Polygon", "coordinates": [ [ [ 14.23946615657087, 47.796918797605606 ], [ 14.237336902046362, 47.792415990722148 ], [ 14.242280459389102, 47.789166488350929 ], [ 14.249353405970007, 47.79041962442912 ], [ 14.25148340102314, 47.794922403370428 ], [ 14.246539709029056, 47.798172074195143 ], [ 14.23946615657087, 47.796918797605606 ] ] ] } },
{ "type": "Feature", "properties": { "index": "881e140627fffff" }, "geometry": { "type": "Polygon", "coordinates": [ [ [ 14.401276237776903, 47.755335350347274 ], [ 14.399137437478164, 47.750832179048295 ], [ 14.404074075689527, 47.747572851976265 ], [ 14.411149643345917, 47.748816527362237 ], [ 14.413289181114266, 47.753319669009585 ], [ 14.408352413819474, 47.756579164941911 ], [ 14.401276237776903, 47.755335350347274 ] ] ] } },
{ "type": "Feature", "properties": { "index": "881e140439fffff" }, "geometry": { "type": "Polygon", "coordinates": [ [ [ 14.448488482542569, 47.718221140300322 ], [ 14.446347603280383, 47.713716583784759 ], [ 14.451280598293991, 47.710453196237282 ], [ 14.458354600008494, 47.711694196285691 ], [ 14.460496215361088, 47.71619872273758 ], [ 14.455563092971781, 47.719462279224032 ], [ 14.448488482542569, 47.718221140300322 ] ] ] } },
{ "type": "Feature", "properties": { "index": "881e1410b9fffff" }, "geometry": { "type": "Polygon", "coordinates": [ [ [ 14.176557082157929, 47.814628183484025 ], [ 14.17443150428935, 47.810125608011965 ], [ 14.179377836502043, 47.806880006859664 ], [ 14.186449883467207, 47.808136812905403 ], [ 14.188576203076568, 47.812639361094838 ], [ 14.183629734042068, 47.815885130540664 ], [ 14.176557082157929, 47.814628183484025 ] ] ] } },
{ "type": "Feature", "properties": { "index": "881e141533fffff" }, "geometry": { "type": "Polygon", "coordinates": [ [ [ 14.275517461927455, 47.790925462600811 ], [ 14.273385986432361, 47.786422739936413 ], [ 14.278328219157332, 47.783171203781237 ], [ 14.28540206086211, 47.784422221759506 ], [ 14.287534276270115, 47.788924916089236 ], [ 14.282591910122933, 47.792176620794805 ], [ 14.275517461927455, 47.790925462600811 ] ] ] } },
{ "type": "Feature", "properties": { "index": "881e140649fffff" }, "geometry": { "type": "Polygon", "coordinates": [ [ [ 14.393697392400611, 47.807637124727798 ], [ 14.391557626295684, 47.803136567179081 ], [ 14.396497850250253, 47.799880121324883 ], [ 14.403577969887813, 47.801124064120955 ], [ 14.405718474580814, 47.80562459192199 ], [ 14.400778121111214, 47.808881206694032 ], [ 14.393697392400611, 47.807637124727798 ] ] ] } },
{ "type": "Feature", "properties": { "index": "881e141501fffff" }, "geometry": { "type": "Polygon", "coordinates": [ [ [ 14.245855521813299, 47.810425685777972 ], [ 14.243725466410007, 47.805923645186567 ], [ 14.248669734276598, 47.802674484007262 ], [ 14.25574419209376, 47.80392719494597 ], [ 14.2578749881998, 47.80842920747407 ], [ 14.252930585848326, 47.811678537146243 ], [ 14.245855521813299, 47.810425685777972 ] ] ] } },
{ "type": "Feature", "properties": { "index": "881e1402d7fffff" }, "geometry": { "type": "Polygon", "coordinates": [ [ [ 14.283948098530228, 47.767660051534797 ], [ 14.281816714986336, 47.763156222062264 ], [ 14.286757220963228, 47.759903158491817 ], [ 14.293829243604916, 47.761153755873238 ], [ 14.295961366493454, 47.76565755699626 ], [ 14.291020727458099, 47.768910789106783 ], [ 14.283948098530228, 47.767660051534797 ] ] ] } },
{ "type": "Feature", "properties": { "index": "881e1415bbfffff" }, "geometry": { "type": "Polygon", "coordinates": [ [ [ 14.35682904982491, 47.784650495044481 ], [ 14.354692367364279, 47.780148342553971 ], [ 14.359632070360318, 47.776892572019335 ], [ 14.366708586553813, 47.778138785217529 ], [ 14.368846007673421, 47.782640908463165 ], [ 14.363906174003334, 47.785896847774886 ], [ 14.35682904982491, 47.784650495044481 ] ] ] } },
{ "type": "Feature", "properties": { "index": "881e140633fffff" }, "geometry": { "type": "Polygon", "coordinates": [ [ [ 14.443739240369744, 47.7627918660096 ], [ 14.441597424874146, 47.758289551925294 ], [ 14.446533425596943, 47.755028533337388 ], [ 14.45361136956226, 47.756269659861069 ], [ 14.455753922074949, 47.76077194378157 ], [ 14.450817793668335, 47.764033131361543 ], [ 14.443739240369744, 47.7627918660096 ] ] ] } },
{ "type": "Feature", "properties": { "index": "881e1406ddfffff" }, "geometry": { "type": "Polygon", "coordinates": [ [ [ 14.501881427529934, 47.789474473254295 ], [ 14.499735021627634, 47.784974188131052 ], [ 14.504671207495912, 47.781711647312726 ], [ 14.511753925149401, 47.782949222441133 ], [ 14.513901067763129, 47.787449476642941 ], [ 14.508964756075331, 47.790712186657089 ], [ 14.501881427529934, 47.789474473254295 ] ] ] } },
{ "type": "Feature", "properties": { "index": "881e1404edfffff" }, "geometry": { "type": "Polygon", "coordinates": [ [ [ 14.472503787713165, 47.714174922518922 ], [ 14.470361436478132, 47.709670426261241 ], [ 14.475293535130431, 47.706405686356931 ], [ 14.482368111637939, 47.707645273729035 ], [ 14.484511198547319, 47.71214973966201 ], [ 14.479578973337961, 47.715414648566892 ], [ 14.472503787713165, 47.714174922518922 ] ] ] } },
{ "type": "Feature", "properties": { "index": "881e1415cbfffff" }, "geometry": { "type": "Polygon", "coordinates": [ [ [ 14.321567682500662, 47.819683237165073 ], [ 14.319432352276756, 47.815182503872464 ], [ 14.324375249225932, 47.811930124608857 ], [ 14.331453608439571, 47.813178309928794 ], [ 14.333589678494192, 47.817679014257294 ], [ 14.328646649567169, 47.820931562249406 ], [ 14.321567682500662, 47.819683237165073 ] ] ] } },
{ "type": "Feature", "properties": { "index": "881e14060bfffff" }, "geometry": { "type": "Polygon", "coordinates": [ [ [ 14.423335030229048, 47.788093198918517 ], [ 14.421193852963489, 47.783591962242518 ], [ 14.426132029827777, 47.780333144760696 ], [ 14.433211512474378, 47.781575395001724 ], [ 14.435353427533228, 47.786076601659275 ], [ 14.430415122215255, 47.789335588113595 ], [ 14.423335030229048, 47.788093198918517 ] ] ] } },
{ "type": "Feature", "properties": { "index": "881e1406e3fffff" }, "geometry": { "type": "Polygon", "coordinates": [ [ [ 14.476991632912597, 47.764492343021693 ], [ 14.474847573197316, 47.7599904888556 ], [ 14.479782803727815, 47.756727947747997 ], [ 14.48686222060995, 47.757967091737584 ], [ 14.489007016906296, 47.762468915353558 ], [ 14.484071659802659, 47.765731625549392 ], [ 14.476991632912597, 47.764492343021693 ] ] ] } },
{ "type": "Feature", "properties": { "index": "881e14149bfffff" }, "geometry": { "type": "Polygon", "coordinates": [ [ [ 14.437022654871706, 47.844103614742536 ], [ 14.434878997976522, 47.839605425604582 ], [ 14.439820443688477, 47.83634864348776 ], [ 14.446905674541119, 47.83758988143078 ], [ 14.449050070121938, 47.842088040197595 ], [ 14.444108496227777, 47.845344991411885 ], [ 14.437022654871706, 47.844103614742536 ] ] ] } },
{ "type": "Feature", "properties": { "index": "881e1404a1fffff" }, "geometry": { "type": "Polygon", "coordinates": [ [ [ 14.502092662051455, 47.694581244051257 ], [ 14.499948907824061, 47.690076071887681 ], [ 14.504878957986071, 47.686808966304525 ], [ 14.511952887939012, 47.688046863849749 ], [ 14.514097377046207, 47.692552005417276 ], [ 14.50916720138386, 47.695819280054913 ], [ 14.502092662051455, 47.694581244051257 ] ] ] } },
{ "type": "Feature", "properties": { "index": "881e14150bfffff" }, "geometry": { "type": "Polygon", "coordinates": [ [ [ 14.255061412261142, 47.816180180367049 ], [ 14.252930585848326, 47.811678537146243 ], [ 14.2578749881998, 47.80842920747407 ], [ 14.264950351223144, 47.809681352513437 ], [ 14.267081918323134, 47.814182967544959 ], [ 14.262137381775052, 47.81743246574586 ], [ 14.255061412261142, 47.816180180367049 ] ] ] } },
{ "type": "Feature", "properties": { "index": "881e1406adfffff" }, "geometry": { "type": "Polygon", "coordinates": [ [ [ 14.470560257890623, 47.750986012008511 ], [ 14.468417002210712, 47.746483389433891 ], [ 14.473351529971632, 47.743220509807671 ], [ 14.480429440219906, 47.744460083725507 ], [ 14.482573432311035, 47.748962675870388 ], [ 14.477638777805845, 47.752225724546456 ], [ 14.470560257890623, 47.750986012008511 ] ] ] } },
{ "type": "Feature", "properties": { "index": "881e14061bfffff" }, "geometry": { "type": "Polygon", "coordinates": [ [ [ 14.456595760626287, 47.789800371346253 ], [ 14.454452337114102, 47.785299594433013 ], [ 14.459389745476553, 47.782039253676508 ], [ 14.466470704756723, 47.783279520783367 ], [ 14.468614865626765, 47.787780267291708 ], [ 14.463677329921985, 47.791040777117416 ], [ 14.456595760626287, 47.789800371346253 ] ] ] } },
{ "type": "Feature", "properties": { "index": "881e14148bfffff" }, "geometry": { "type": "Polygon", "coordinates": [ [ [ 14.403740810443834, 47.842388993936687 ], [ 14.401599403513993, 47.837890344497261 ], [ 14.406541616707004, 47.83463508714204 ], [ 14.41362536618858, 47.835878310245519 ], [ 14.415767512239437, 47.840376929700284 ], [ 14.410825169750863, 47.8436323560556 ], [ 14.403740810443834, 47.842388993936687 ] ] ] } },
{ "type": "Feature", "properties": { "index": "881e141529fffff" }, "geometry": { "type": "Polygon", "coordinates": [ [ [ 14.227448770858176, 47.798913807726386 ], [ 14.22532025706723, 47.79441097303166 ], [ 14.230264255099659, 47.791162148730322 ], [ 14.237336902046362, 47.792415990722148 ], [ 14.23946615657087, 47.796918797605606 ], [ 14.234522023477371, 47.800167790327961 ], [ 14.227448770858176, 47.798913807726386 ] ] ] } },
{ "type": "Feature", "properties": { "index": "881e1402dbfffff" }, "geometry": { "type": "Polygon", "coordinates": [ [ [ 14.290343851198738, 47.781170007818822 ], [ 14.288211666592142, 47.776666944466214 ], [ 14.293152881224863, 47.773414221390517 ], [ 14.300226413417917, 47.77466439310777 ], [ 14.302359337542324, 47.779167427989961 ], [ 14.297417990018365, 47.782420319644714 ], [ 14.290343851198738, 47.781170007818822 ] ] ] } },
{ "type": "Feature", "properties": { "index": "881e140455fffff" }, "geometry": { "type": "Polygon", "coordinates": [ [ [ 14.440108882284697, 47.741519716414025 ], [ 14.437967903348902, 47.737016265682513 ], [ 14.442902624682539, 47.733754400582129 ], [ 14.449978452749484, 47.734995817282716 ], [ 14.452120168342809, 47.73949923796588 ], [ 14.447185319274666, 47.742761272016153 ], [ 14.440108882284697, 47.741519716414025 ] ] ] } },
{ "type": "Feature", "properties": { "index": "881e140745fffff" }, "geometry": { "type": "Polygon", "coordinates": [ [ [ 14.322793039409683, 47.753889577736636 ], [ 14.320659469743809, 47.749385464967695 ], [ 14.325598071739577, 47.74612986056227 ], [ 14.332670375173164, 47.747378200312689 ], [ 14.334804683377159, 47.751882284334727 ], [ 14.32986594967201, 47.755138057372641 ], [ 14.322793039409683, 47.753889577736636 ] ] ] } },
{ "type": "Feature", "properties": { "index": "881e14063bfffff" }, "geometry": { "type": "Polygon", "coordinates": [ [ [ 14.440944512379964, 47.770554321749046 ], [ 14.43880266365891, 47.766052376715102 ], [ 14.443739240369744, 47.7627918660096 ], [ 14.450817793668335, 47.764033131361543 ], [ 14.452960379595796, 47.768535046236664 ], [ 14.448023675081382, 47.771795725938006 ], [ 14.440944512379964, 47.770554321749046 ] ] ] } },
{ "type": "Feature", "properties": { "index": "881e140713fffff" }, "geometry": { "type": "Polygon", "coordinates": [ [ [ 14.394860639469012, 47.741825069316306 ], [ 14.392722641670099, 47.73732113098972 ], [ 14.39765857501326, 47.734061464741565 ], [ 14.404732635471088, 47.735305568017509 ], [ 14.40687137056857, 47.739809476812987 ], [ 14.401935307972511, 47.743069311882962 ], [ 14.394860639469012, 47.741825069316306 ] ] ] } },
{ "type": "Feature", "properties": { "index": "881e140663fffff" }, "geometry": { "type": "Polygon", "coordinates": [ [ [ 14.392879464389308, 47.778617582779539 ], [ 14.390740566572703, 47.774115518415513 ], [ 14.395678932271656, 47.77085771594146 ], [ 14.402756325294053, 47.772101808979436 ], [ 14.404895961148217, 47.776603843706752 ], [ 14.399957466005308, 47.779861815052165 ], [ 14.392879464389308, 47.778617582779539 ] ] ] } },
{ "type": "Feature", "properties": { "index": "881e1415a1fffff" }, "geometry": { "type": "Polygon", "coordinates": [ [ [ 14.314374677133944, 47.777163464307129 ], [ 14.312241013697484, 47.772660458026138 ], [ 14.317181342251756, 47.769406379801396 ], [ 14.324255466376993, 47.770655139234059 ], [ 14.326389868919481, 47.775158116783089 ], [ 14.321449408293301, 47.77841236365083 ], [ 14.314374677133944, 47.777163464307129 ] ] ] } },
{ "type": "Feature", "properties": { "index": "881e1404c3fffff" }, "geometry": { "type": "Polygon", "coordinates": [ [ [ 14.512174180217988, 47.729376097037438 ], [ 14.510028784460948, 47.724872828553423 ], [ 14.514960811872216, 47.721606905385478 ], [ 14.522038360380094, 47.722844081586899 ], [ 14.524184491543799, 47.72734731923979 ], [ 14.519252338856287, 47.730613411541682 ], [ 14.512174180217988, 47.729376097037438 ] ] ] } },
{ "type": "Feature", "properties": { "index": "881e141547fffff" }, "geometry": { "type": "Polygon", "coordinates": [ [ [ 14.231019973059697, 47.820170451907003 ], [ 14.228890628636867, 47.815668752700105 ], [ 14.233835913551371, 47.812420779574872 ], [ 14.240910677967729, 47.81367433721207 ], [ 14.24304076348812, 47.818176008491349 ], [ 14.238095343556934, 47.821424150080503 ], [ 14.231019973059697, 47.820170451907003 ] ] ] } },
{ "type": "Feature", "properties": { "index": "881e1414b1fffff" }, "geometry": { "type": "Polygon", "coordinates": [ [ [ 14.412141596644476, 47.819124637436168 ], [ 14.410000287914809, 47.814624878632607 ], [ 14.414940770609189, 47.811368094907593 ], [ 14.422022691030731, 47.812610901017393 ], [ 14.42416473831201, 47.817110629821961 ], [ 14.419224126683265, 47.820367582535106 ], [ 14.412141596644476, 47.819124637436168 ] ] ] } },
{ "type": "Feature", "properties": { "index": "881e14048bfffff" }, "geometry": { "type": "Polygon", "coordinates": [ [ [ 14.526969937328424, 47.719577482334635 ], [ 14.524823840674916, 47.715073876030395 ], [ 14.529754841991377, 47.711806769929112 ], [ 14.536832064772296, 47.713043100990831 ], [ 14.538978896434363, 47.717546676328446 ], [ 14.534047770370302, 47.720813951590223 ], [ 14.526969937328424, 47.719577482334635 ] ] ] } },
{ "type": "Feature", "properties": { "index": "881e141561fffff" }, "geometry": { "type": "Polygon", "coordinates": [ [ [ 14.212614033401238, 47.808657563258976 ], [ 14.21048623092287, 47.804155070027697 ], [ 14.215431244939987, 47.800907433722216 ], [ 14.222504197090322, 47.802162122275611 ], [ 14.224632740696505, 47.806664587831399 ], [ 14.219687591086743, 47.809912392528737 ], [ 14.212614033401238, 47.808657563258976 ] ] ] } },
{ "type": "Feature", "properties": { "index": "881e14025bfffff" }, "geometry": { "type": "Polygon", "coordinates": [ [ [ 14.20623142629794, 47.795149317708685 ], [ 14.204104424062779, 47.79064605872707 ], [ 14.209048726601559, 47.78739808091872 ], [ 14.216120167196051, 47.788653193759004 ], [ 14.218247910384406, 47.793156425186353 ], [ 14.21330347208726, 47.796404571347146 ], [ 14.20623142629794, 47.795149317708685 ] ] ] } },
{ "type": "Feature", "properties": { "index": "881e141539fffff" }, "geometry": { "type": "Polygon", "coordinates": [ [ [ 14.260688018451125, 47.800677355631876 ], [ 14.258557252690421, 47.796174973887901 ], [ 14.263500503160255, 47.792924625031752 ], [ 14.27057465340665, 47.79417648941731 ], [ 14.272706159475224, 47.798678842962296 ], [ 14.267762775051944, 47.801929360340139 ], [ 14.260688018451125, 47.800677355631876 ] ] ] } },
{ "type": "Feature", "properties": { "index": "881e1405dbfffff" }, "geometry": { "type": "Polygon", "coordinates": [ [ [ 14.478082740974429, 47.698635574725124 ], [ 14.475940457131912, 47.694130341760896 ], [ 14.480871405389621, 47.690864587817501 ], [ 14.487944763871543, 47.692103897864271 ], [ 14.490087783010623, 47.696609100493426 ], [ 14.485156708434323, 47.69987502343016 ], [ 14.478082740974429, 47.698635574725124 ] ] ] } },
{ "type": "Feature", "properties": { "index": "881e14062dfffff" }, "geometry": { "type": "Polygon", "coordinates": [ [ [ 14.386463573868319, 47.765110622016579 ], [ 14.384325478891947, 47.76060779008791 ], [ 14.389263139041345, 47.757349648146601 ], [ 14.396339023843325, 47.758594169320617 ], [ 14.39847785668589, 47.763096971733219 ], [ 14.393540066923128, 47.766355282507213 ], [ 14.386463573868319, 47.765110622016579 ] ] ] } },
{ "type": "Feature", "properties": { "index": "881e1415abfffff" }, "geometry": { "type": "Polygon", "coordinates": [ [ [ 14.32358384220556, 47.782914972191776 ], [ 14.321449408293301, 47.77841236365083 ], [ 14.326389868919481, 47.775158116783089 ], [ 14.333464895303607, 47.776406309797316 ], [ 14.335600068305142, 47.7809088894805 ], [ 14.330659475895901, 47.784163305026638 ], [ 14.32358384220556, 47.782914972191776 ] ] ] } },
{ "type": "Feature", "properties": { "index": "881e140757fffff" }, "geometry": { "type": "Polygon", "coordinates": [ [ [ 14.368037868571315, 47.753613537528693 ], [ 14.365901313938453, 47.74910990924915 ], [ 14.370838713992889, 47.745852104868106 ], [ 14.377912798935048, 47.747097760023358 ], [ 14.380050091469569, 47.751601359038133 ], [ 14.375112561223034, 47.754859332181809 ], [ 14.368037868571315, 47.753613537528693 ] ] ] } },
{ "type": "Feature", "properties": { "index": "881e140683fffff" }, "geometry": { "type": "Polygon", "coordinates": [ [ [ 14.510249140734446, 47.766183364485187 ], [ 14.508102837578971, 47.761681971473138 ], [ 14.513037294296737, 47.75841790798458 ], [ 14.520118179695089, 47.759655068343598 ], [ 14.522265218993855, 47.764156430419369 ], [ 14.517330636814407, 47.76742066309172 ], [ 14.510249140734446, 47.766183364485187 ] ] ] } },
{ "type": "Feature", "properties": { "index": "881e140485fffff" }, "geometry": { "type": "Polygon", "coordinates": [ [ [ 14.508525531456154, 47.708095226105783 ], [ 14.506380973823335, 47.703590821213687 ], [ 14.511311724772515, 47.700324053331066 ], [ 14.518387158746673, 47.70156152126755 ], [ 14.520532451428222, 47.70606589544353 ], [ 14.51560157515012, 47.709332832418411 ], [ 14.508525531456154, 47.708095226105783 ] ] ] } },
{ "type": "Feature", "properties": { "index": "881e1415e5fffff" }, "geometry": { "type": "Polygon", "coordinates": [ [ [ 14.287534276270115, 47.788924916089236 ], [ 14.28540206086211, 47.784422221759506 ], [ 14.290343851198738, 47.781170007818822 ], [ 14.297417990018365, 47.782420319644714 ], [ 14.299550945133682, 47.786922985508951 ], [ 14.294609021784577, 47.790175368032202 ], [ 14.287534276270115, 47.788924916089236 ] ] ] } },
{ "type": "Feature", "properties": { "index": "881e140291fffff" }, "geometry": { "type": "Polygon", "coordinates": [ [ [ 14.298769307149527, 47.757900014828209 ], [ 14.296637215177554, 47.753395844957815 ], [ 14.301576703338002, 47.750141595078588 ], [ 14.308648416060954, 47.751391346520464 ], [ 14.310781246982753, 47.755895487905526 ], [ 14.305841626294265, 47.759149906353464 ], [ 14.298769307149527, 47.757900014828209 ] ] ] } },
{ "type": "Feature", "properties": { "index": "881e140469fffff" }, "geometry": { "type": "Polygon", "coordinates": [ [ [ 14.39765857501326, 47.734061464741565 ], [ 14.395520609682572, 47.729557157799945 ], [ 14.400455967637425, 47.726296983651125 ], [ 14.407529420118646, 47.727540947644982 ], [ 14.409668122558774, 47.732045225050406 ], [ 14.404732635471088, 47.735305568017509 ], [ 14.39765857501326, 47.734061464741565 ] ] ] } },
{ "type": "Feature", "properties": { "index": "881e14a90dfffff" }, "geometry": { "type": "Polygon", "coordinates": [ [ [ 14.466667608247667, 47.824557669459665 ], [ 14.464522541441392, 47.820058801392165 ], [ 14.469461934565059, 47.816799646967887 ], [ 14.476546521678138, 47.818039191479528 ], [ 14.478692326372672, 47.822538028905647 ], [ 14.473752806129246, 47.825797352480855 ], [ 14.466667608247667, 47.824557669459665 ] ] ] } },
{ "type": "Feature", "properties": { "index": "881e141589fffff" }, "geometry": { "type": "Polygon", "coordinates": [ [ [ 14.327182271023871, 47.80417613337076 ], [ 14.325047003574149, 47.79967466124728 ], [ 14.329988748039664, 47.796421263642259 ], [ 14.337065891753419, 47.797669169459027 ], [ 14.339201898654565, 47.802170612608727 ], [ 14.334260022453249, 47.805424178934857 ], [ 14.327182271023871, 47.80417613337076 ] ] ] } },
{ "type": "Feature", "properties": { "index": "881e140615fffff" }, "geometry": { "type": "Polygon", "coordinates": [ [ [ 14.438149241482773, 47.778315900363083 ], [ 14.436007359573951, 47.773814324471438 ], [ 14.440944512379964, 47.770554321749046 ], [ 14.448023675081382, 47.771795725938006 ], [ 14.450166294385957, 47.776297271675801 ], [ 14.445229013656494, 47.779557443397827 ], [ 14.438149241482773, 47.778315900363083 ] ] ] } },
{ "type": "Feature", "properties": { "index": "881e1415c3fffff" }, "geometry": { "type": "Polygon", "coordinates": [ [ [ 14.324375249225932, 47.811930124608857 ], [ 14.322239950369967, 47.807429021855071 ], [ 14.327182271023871, 47.80417613337076 ], [ 14.334260022453249, 47.805424178934857 ], [ 14.336396060950277, 47.809925252719708 ], [ 14.331453608439571, 47.813178309928794 ], [ 14.324375249225932, 47.811930124608857 ] ] ] } },
{ "type": "Feature", "properties": { "index": "881e1414bdfffff" }, "geometry": { "type": "Polygon", "coordinates": [ [ [ 14.400118298356929, 47.821137259726669 ], [ 14.397977728386875, 47.816637471054577 ], [ 14.402918658461706, 47.813381364976323 ], [ 14.410000287914809, 47.814624878632607 ], [ 14.412141596644476, 47.819124637436168 ], [ 14.407200537224467, 47.822380912471338 ], [ 14.400118298356929, 47.821137259726669 ] ] ] } },
{ "type": "Feature", "properties": { "index": "881e1406abfffff" }, "geometry": { "type": "Polygon", "coordinates": [ [ [ 14.49179700156882, 47.754703873977121 ], [ 14.489652239255083, 47.750201681330743 ], [ 14.494586444176502, 47.746937956106564 ], [ 14.501665537518557, 47.748176254433083 ], [ 14.503811036015295, 47.752678416393906 ], [ 14.498876705050261, 47.755942310733055 ], [ 14.49179700156882, 47.754703873977121 ] ] ] } },
{ "type": "Feature", "properties": { "index": "881e141487fffff" }, "geometry": { "type": "Polygon", "coordinates": [ [ [ 14.397317394121282, 47.828892275981502 ], [ 14.395176791569657, 47.824392857010999 ], [ 14.400118298356929, 47.821137259726669 ], [ 14.407200537224467, 47.822380912471338 ], [ 14.409341878725476, 47.826880301578136 ], [ 14.404400242472599, 47.830136067823332 ], [ 14.397317394121282, 47.828892275981502 ] ] ] } },
{ "type": "Feature", "properties": { "index": "881e141491fffff" }, "geometry": { "type": "Polygon", "coordinates": [ [ [ 14.427794057006537, 47.838363479545507 ], [ 14.425651172042873, 47.833864890205845 ], [ 14.430592489281628, 47.83060827715137 ], [ 14.437676820020448, 47.831850084393579 ], [ 14.439820443688477, 47.83634864348776 ], [ 14.434878997976522, 47.839605425604582 ], [ 14.427794057006537, 47.838363479545507 ] ] ] } },
{ "type": "Feature", "properties": { "index": "881e140655fffff" }, "geometry": { "type": "Polygon", "coordinates": [ [ [ 14.420537487256389, 47.795852375456953 ], [ 14.418396277068053, 47.791351508111688 ], [ 14.423335030229048, 47.788093198918517 ], [ 14.430415122215255, 47.789335588113595 ], [ 14.432557070386414, 47.793836425445306 ], [ 14.427618188651619, 47.797094903614834 ], [ 14.420537487256389, 47.795852375456953 ] ] ] } },
{ "type": "Feature", "properties": { "index": "881e1410b5fffff" }, "geometry": { "type": "Polygon", "coordinates": [ [ [ 14.170181148358699, 47.801119691575217 ], [ 14.16805637020801, 47.796616350716612 ], [ 14.1730019897613, 47.793370407653924 ], [ 14.180072524514109, 47.794627637215321 ], [ 14.182198044230285, 47.799130950912591 ], [ 14.1772522876902, 47.802377062229269 ], [ 14.170181148358699, 47.801119691575217 ] ] ] } },
{ "type": "Feature", "properties": { "index": "881e1415ddfffff" }, "geometry": { "type": "Polygon", "coordinates": [ [ [ 14.333589678494192, 47.817679014257294 ], [ 14.331453608439571, 47.813178309928794 ], [ 14.336396060950277, 47.809925252719708 ], [ 14.343474715145794, 47.811172731098267 ], [ 14.345611524824514, 47.815673406332039 ], [ 14.340668940746397, 47.818926632301398 ], [ 14.333589678494192, 47.817679014257294 ] ] ] } },
{ "type": "Feature", "properties": { "index": "881e140451fffff" }, "geometry": { "type": "Polygon", "coordinates": [ [ [ 14.449327068206367, 47.747264323925179 ], [ 14.447185319274666, 47.742761272016153 ], [ 14.452120168342809, 47.73949923796588 ], [ 14.459196893850148, 47.740740086859411 ], [ 14.461339379420501, 47.745243108594586 ], [ 14.45640440290793, 47.748505311629387 ], [ 14.449327068206367, 47.747264323925179 ] ] ] } },
{ "type": "Feature", "properties": { "index": "881e140283fffff" }, "geometry": { "type": "Polygon", "coordinates": [ [ [ 14.277554748651491, 47.754147797369399 ], [ 14.275424165772034, 47.749643202255449 ], [ 14.280363963153821, 47.746389798248266 ], [ 14.28743447670292, 47.747640820873258 ], [ 14.289565798753877, 47.752145387758553 ], [ 14.284625868146614, 47.755398960266916 ], [ 14.277554748651491, 47.754147797369399 ] ] ] } },
{ "type": "Feature", "properties": { "index": "881e1404e5fffff" }, "geometry": { "type": "Polygon", "coordinates": [ [ [ 14.475293535130431, 47.706405686356931 ], [ 14.47315121757293, 47.701900821699674 ], [ 14.478082740974429, 47.698635574725124 ], [ 14.485156708434323, 47.69987502343016 ], [ 14.487299761477241, 47.70437985775753 ], [ 14.482368111637939, 47.707645273729035 ], [ 14.475293535130431, 47.706405686356931 ] ] ] } },
{ "type": "Feature", "properties": { "index": "881e14071dfffff" }, "geometry": { "type": "Polygon", "coordinates": [ [ [ 14.370838713992889, 47.745852104868106 ], [ 14.368702191412057, 47.741348107871275 ], [ 14.373639015998148, 47.738089795280111 ], [ 14.380712493299585, 47.739335310946061 ], [ 14.382849753592918, 47.743839278673107 ], [ 14.377912798935048, 47.747097760023358 ], [ 14.370838713992889, 47.745852104868106 ] ] ] } },
{ "type": "Feature", "properties": { "index": "881e140621fffff" }, "geometry": { "type": "Polygon", "coordinates": [ [ [ 14.39847785668589, 47.763096971733219 ], [ 14.396339023843325, 47.758594169320617 ], [ 14.401276237776903, 47.755335350347274 ], [ 14.408352413819474, 47.756579164941911 ], [ 14.410491984320933, 47.761081937707885 ], [ 14.405554641183816, 47.764340925545191 ], [ 14.39847785668589, 47.763096971733219 ] ] ] } },
{ "type": "Feature", "properties": { "index": "881e140661fffff" }, "geometry": { "type": "Polygon", "coordinates": [ [ [ 14.38086281287965, 47.780629937703324 ], [ 14.378724653307975, 47.776127843833187 ], [ 14.38366346519606, 47.772870718599599 ], [ 14.390740566572703, 47.774115518415513 ], [ 14.392879464389308, 47.778617582779539 ], [ 14.387940522647197, 47.781874876853145 ], [ 14.38086281287965, 47.780629937703324 ] ] ] } },
{ "type": "Feature", "properties": { "index": "881e1414b7fffff" }, "geometry": { "type": "Polygon", "coordinates": [ [ [ 14.414940770609189, 47.811368094907593 ], [ 14.412799494688755, 47.806867966498629 ], [ 14.417739400764784, 47.803610674183929 ], [ 14.424820711638475, 47.804853341313397 ], [ 14.426962725920873, 47.809353439718535 ], [ 14.422022691030731, 47.812610901017393 ], [ 14.414940770609189, 47.811368094907593 ] ] ] } },
{ "type": "Feature", "properties": { "index": "881e140603fffff" }, "geometry": { "type": "Polygon", "coordinates": [ [ [ 14.426132029827777, 47.780333144760696 ], [ 14.423990885522803, 47.775831538845658 ], [ 14.428928486197512, 47.772572213175692 ], [ 14.436007359573951, 47.773814324471438 ], [ 14.438149241482773, 47.778315900363083 ], [ 14.433211512474378, 47.781575395001724 ], [ 14.426132029827777, 47.780333144760696 ] ] ] } },
{ "type": "Feature", "properties": { "index": "881e1406e1fffff" }, "geometry": { "type": "Polygon", "coordinates": [ [ [ 14.464976086791234, 47.766514386655196 ], [ 14.462832763865634, 47.762012502069346 ], [ 14.467768443545424, 47.758750637688657 ], [ 14.474847573197316, 47.7599904888556 ], [ 14.476991632912597, 47.764492343021693 ], [ 14.472055826249495, 47.767754376459933 ], [ 14.464976086791234, 47.766514386655196 ] ] ] } },
{ "type": "Feature", "properties": { "index": "881e140749fffff" }, "geometry": { "type": "Polygon", "coordinates": [ [ [ 14.329195351256114, 47.767400383542551 ], [ 14.327060980121574, 47.762897037077252 ], [ 14.33200028936036, 47.759641772662306 ], [ 14.339074101337715, 47.760889686060779 ], [ 14.341209211182758, 47.765393003658424 ], [ 14.336269770402552, 47.768648436744634 ], [ 14.329195351256114, 47.767400383542551 ] ] ] } },
{ "type": "Feature", "properties": { "index": "881e1404bdfffff" }, "geometry": { "type": "Polygon", "coordinates": [ [ [ 14.523317459619017, 47.69829407754132 ], [ 14.521172201370442, 47.693789334986477 ], [ 14.526101926944268, 47.690521384610442 ], [ 14.533177035630658, 47.691758007689565 ], [ 14.535323028530257, 47.696262719392692 ], [ 14.530393178155737, 47.699530838887682 ], [ 14.523317459619017, 47.69829407754132 ] ] ] } },
{ "type": "Feature", "properties": { "index": "881e14074bfffff" }, "geometry": { "type": "Polygon", "coordinates": [ [ [ 14.341209211182758, 47.765393003658424 ], [ 14.339074101337715, 47.760889686060779 ], [ 14.344012966463527, 47.757633744355054 ], [ 14.351087072628891, 47.75888095156337 ], [ 14.353222920978109, 47.763384240162615 ], [ 14.348283924720475, 47.766640350571336 ], [ 14.341209211182758, 47.765393003658424 ] ] ] } },
{ "type": "Feature", "properties": { "index": "881e14071bfffff" }, "geometry": { "type": "Polygon", "coordinates": [ [ [ 14.392062160859968, 47.749587797182272 ], [ 14.389924130630661, 47.74508422756292 ], [ 14.394860639469012, 47.741825069316306 ], [ 14.401935307972511, 47.743069311882962 ], [ 14.404074075689527, 47.747572851976265 ], [ 14.399137437478164, 47.750832179048295 ], [ 14.392062160859968, 47.749587797182272 ] ] ] } },
{ "type": "Feature", "properties": { "index": "881e1406c7fffff" }, "geometry": { "type": "Polygon", "coordinates": [ [ [ 14.483425420837468, 47.777996367852509 ], [ 14.481280556688377, 47.7734952825733 ], [ 14.486216490044107, 47.770233080042935 ], [ 14.493297414014032, 47.771471793684412 ], [ 14.49544301491402, 47.775972848293023 ], [ 14.490506955156485, 47.779235219950081 ], [ 14.483425420837468, 47.777996367852509 ] ] ] } },
{ "type": "Feature", "properties": { "index": "881e1415e3fffff" }, "geometry": { "type": "Polygon", "coordinates": [ [ [ 14.308759713095753, 47.792674999304801 ], [ 14.306625987336961, 47.788172731141579 ], [ 14.311567467463625, 47.784919670872242 ], [ 14.318642805725572, 47.786168710135456 ], [ 14.3207772709693, 47.790670949576565 ], [ 14.315835658528757, 47.793924178496006 ], [ 14.308759713095753, 47.792674999304801 ] ] ] } },
{ "type": "Feature", "properties": { "index": "881e140413fffff" }, "geometry": { "type": "Polygon", "coordinates": [ [ [ 14.478932447919835, 47.727686876616545 ], [ 14.476789293389841, 47.723183147749893 ], [ 14.481722094076357, 47.719918746012922 ], [ 14.488798175742192, 47.721157904123331 ], [ 14.490942066116066, 47.725661602545046 ], [ 14.486009139043421, 47.728926173320602 ], [ 14.478932447919835, 47.727686876616545 ] ] ] } },
{ "type": "Feature", "properties": { "index": "881e141525fffff" }, "geometry": { "type": "Polygon", "coordinates": [ [ [ 14.221064029879649, 47.785404537842759 ], [ 14.218936316394442, 47.780900937454753 ], [ 14.223879603570833, 47.777651771882901 ], [ 14.230950739521662, 47.778906038336757 ], [ 14.233079193566061, 47.783409611034628 ], [ 14.228135771162627, 47.786658944988218 ], [ 14.221064029879649, 47.785404537842759 ] ] ] } },
{ "type": "Feature", "properties": { "index": "881e1404d9fffff" }, "geometry": { "type": "Polygon", "coordinates": [ [ [ 14.530624493915097, 47.740855495242798 ], [ 14.528477558267065, 47.736353026121002 ], [ 14.53340983593999, 47.733086764650963 ], [ 14.540489174018717, 47.734322803119674 ], [ 14.54263684503306, 47.738825241159802 ], [ 14.53770444266576, 47.742091671832171 ], [ 14.530624493915097, 47.740855495242798 ] ] ] } },
{ "type": "Feature", "properties": { "index": "881e14a921fffff" }, "geometry": { "type": "Polygon", "coordinates": [ [ [ 14.463027640287006, 47.803301163587619 ], [ 14.4608834121684, 47.798801155976584 ], [ 14.465821524435116, 47.795541154222938 ], [ 14.472903992054952, 47.796780990991664 ], [ 14.475048957701777, 47.80128096807718 ], [ 14.470110718263824, 47.804541138938802 ], [ 14.463027640287006, 47.803301163587619 ] ] ] } },
{ "type": "Feature", "properties": { "index": "881e1404ebfffff" }, "geometry": { "type": "Polygon", "coordinates": [ [ [ 14.493730527218416, 47.717892826183544 ], [ 14.491586670825104, 47.713388759187573 ], [ 14.496518446812088, 47.710123174184858 ], [ 14.503594205112968, 47.71136148713191 ], [ 14.505738796952654, 47.715865523547365 ], [ 14.500806895108273, 47.71913127761556 ], [ 14.493730527218416, 47.717892826183544 ] ] ] } },
{ "type": "Feature", "properties": { "index": "881e1404c1fffff" }, "geometry": { "type": "Polygon", "coordinates": [ [ [ 14.500163703806164, 47.731403491655612 ], [ 14.498019043664746, 47.726900192470865 ], [ 14.502951521117495, 47.723634945461868 ], [ 14.510028784460948, 47.724872828553423 ], [ 14.512174180217988, 47.729376097037438 ], [ 14.507241577079235, 47.732641513149929 ], [ 14.500163703806164, 47.731403491655612 ] ] ] } },
{ "type": "Feature", "properties": { "index": "881e1410b3fffff" }, "geometry": { "type": "Polygon", "coordinates": [ [ [ 14.191395776706855, 47.804890533298533 ], [ 14.18926948634387, 47.8003876159556 ], [ 14.194214803894999, 47.797140826287311 ], [ 14.2012865481612, 47.798396785658397 ], [ 14.203413579871214, 47.802899675582879 ], [ 14.198468126030127, 47.806146633574201 ], [ 14.191395776706855, 47.804890533298533 ] ] ] } },
{ "type": "Feature", "properties": { "index": "881e140251fffff" }, "geometry": { "type": "Polygon", "coordinates": [ [ [ 14.197033284786155, 47.789390240252359 ], [ 14.194907053032559, 47.784886584876965 ], [ 14.199851219525508, 47.781638775385005 ], [ 14.206921753880005, 47.782894452971519 ], [ 14.209048726601559, 47.78739808091872 ], [ 14.204104424062779, 47.79064605872707 ], [ 14.197033284786155, 47.789390240252359 ] ] ] } },
{ "type": "Feature", "properties": { "index": "881e141087fffff" }, "geometry": { "type": "Polygon", "coordinates": [ [ [ 14.164537825475685, 47.816615621508582 ], [ 14.162412989551825, 47.812113018884887 ], [ 14.167359760311891, 47.8088680962571 ], [ 14.17443150428935, 47.810125608011965 ], [ 14.176557082157929, 47.814628183484025 ], [ 14.171610174166361, 47.817873274372374 ], [ 14.164537825475685, 47.816615621508582 ] ] ] } },
{ "type": "Feature", "properties": { "index": "881e1410b7fffff" }, "geometry": { "type": "Polygon", "coordinates": [ [ [ 14.182198044230285, 47.799130950912591 ], [ 14.180072524514109, 47.794627637215321 ], [ 14.185017705487892, 47.791381015833906 ], [ 14.192088542817267, 47.792637539882378 ], [ 14.194214803894999, 47.797140826287311 ], [ 14.18926948634387, 47.8003876159556 ], [ 14.182198044230285, 47.799130950912591 ] ] ] } },
{ "type": "Feature", "properties": { "index": "881e1404a9fffff" }, "geometry": { "type": "Polygon", "coordinates": [ [ [ 14.499305825041617, 47.702352646742767 ], [ 14.497162036721566, 47.69784784287576 ], [ 14.502092662051455, 47.694581244051257 ], [ 14.50916720138386, 47.695819280054913 ], [ 14.511311724772515, 47.700324053331066 ], [ 14.506380973823335, 47.703590821213687 ], [ 14.499305825041617, 47.702352646742767 ] ] ] } },
{ "type": "Feature", "properties": { "index": "881e141521fffff" }, "geometry": { "type": "Polygon", "coordinates": [ [ [ 14.230264255099659, 47.791162148730322 ], [ 14.228135771162627, 47.786658944988218 ], [ 14.233079193566061, 47.783409611034628 ], [ 14.240151234908051, 47.784663312424975 ], [ 14.242280459389102, 47.789166488350929 ], [ 14.237336902046362, 47.792415990722148 ], [ 14.230264255099659, 47.791162148730322 ] ] ] } },
{ "type": "Feature", "properties": { "index": "881e141531fffff" }, "geometry": { "type": "Polygon", "coordinates": [ [ [ 14.263500503160255, 47.792924625031752 ], [ 14.26136976778349, 47.788421874163461 ], [ 14.266312442472371, 47.785171015865181 ], [ 14.273385986432361, 47.786422739936413 ], [ 14.275517461927455, 47.790925462600811 ], [ 14.27057465340665, 47.79417648941731 ], [ 14.263500503160255, 47.792924625031752 ] ] ] } },
{ "type": "Feature", "properties": { "index": "881e140755fffff" }, "geometry": { "type": "Polygon", "coordinates": [ [ [ 14.356025493218269, 47.755624332639165 ], [ 14.353889676693797, 47.751120675225536 ], [ 14.358827521721695, 47.747863547886389 ], [ 14.365901313938453, 47.74910990924915 ], [ 14.368037868571315, 47.753613537528693 ], [ 14.363099892941731, 47.756870833598946 ], [ 14.356025493218269, 47.755624332639165 ] ] ] } },
{ "type": "Feature", "properties": { "index": "881e14045dfffff" }, "geometry": { "type": "Polygon", "coordinates": [ [ [ 14.437314597382004, 47.749284155782298 ], [ 14.435173585296988, 47.744781073829962 ], [ 14.440108882284697, 47.741519716414025 ], [ 14.447185319274666, 47.742761272016153 ], [ 14.449327068206367, 47.747264323925179 ], [ 14.444391643364453, 47.750525850294693 ], [ 14.437314597382004, 47.749284155782298 ] ] ] } },
{ "type": "Feature", "properties": { "index": "881e141083fffff" }, "geometry": { "type": "Polygon", "coordinates": [ [ [ 14.173735781052699, 47.822375480594758 ], [ 14.171610174166361, 47.817873274372374 ], [ 14.176557082157929, 47.814628183484025 ], [ 14.183629734042068, 47.815885130540664 ], [ 14.1857560828589, 47.82038730948522 ], [ 14.180809037923192, 47.823632568670469 ], [ 14.173735781052699, 47.822375480594758 ] ] ] } },
{ "type": "Feature", "properties": { "index": "881e1415d3fffff" }, "geometry": { "type": "Polygon", "coordinates": [ [ [ 14.357633220435885, 47.813666413402586 ], [ 14.3554956713399, 47.809165767394191 ], [ 14.360437233700518, 47.805911354510116 ], [ 14.367516475966484, 47.807157418830251 ], [ 14.369654764272722, 47.811658035482658 ], [ 14.364713071165617, 47.814912617190323 ], [ 14.357633220435885, 47.813666413402586 ] ] ] } },
{ "type": "Feature", "properties": { "index": "881e141595fffff" }, "geometry": { "type": "Polygon", "coordinates": [ [ [ 14.354025485148686, 47.792407540180179 ], [ 14.351888770826321, 47.787905756866458 ], [ 14.35682904982491, 47.784650495044481 ], [ 14.363906174003334, 47.785896847774886 ], [ 14.366043627174184, 47.790398601848644 ], [ 14.361103217380908, 47.793654032451371 ], [ 14.354025485148686, 47.792407540180179 ] ] ] } },
{ "type": "Feature", "properties": { "index": "881e14025dfffff" }, "geometry": { "type": "Polygon", "coordinates": [ [ [ 14.185017705487892, 47.791381015833906 ], [ 14.18289221490631, 47.786877333161279 ], [ 14.187836820420008, 47.783630201814844 ], [ 14.194907053032559, 47.784886584876965 ], [ 14.197033284786155, 47.789390240252359 ], [ 14.192088542817267, 47.792637539882378 ], [ 14.185017705487892, 47.791381015833906 ] ] ] } },
{ "type": "Feature", "properties": { "index": "881e14040bfffff" }, "geometry": { "type": "Polygon", "coordinates": [ [ [ 14.442902624682539, 47.733754400582129 ], [ 14.44076167893366, 47.729250581163583 ], [ 14.445695824720282, 47.725988208479755 ], [ 14.452771043933643, 47.727229486287541 ], [ 14.454912726150956, 47.731733275652651 ], [ 14.449978452749484, 47.734995817282716 ], [ 14.442902624682539, 47.733754400582129 ] ] ] } },
{ "type": "Feature", "properties": { "index": "881e1406cdfffff" }, "geometry": { "type": "Polygon", "coordinates": [ [ [ 14.468614865626765, 47.787780267291708 ], [ 14.466470704756723, 47.783279520783367 ], [ 14.471407664006939, 47.780018502986152 ], [ 14.478488911122286, 47.781258062616622 ], [ 14.480633809141494, 47.785758778589681 ], [ 14.475696722959452, 47.789019965486872 ], [ 14.468614865626765, 47.787780267291708 ] ] ] } },
{ "type": "Feature", "properties": { "index": "881e14a96bfffff" }, "geometry": { "type": "Polygon", "coordinates": [ [ [ 14.454642728653406, 47.826575924362977 ], [ 14.452498399944337, 47.822077025784445 ], [ 14.457438242541247, 47.818818548849436 ], [ 14.464522541441392, 47.820058801392165 ], [ 14.466667608247667, 47.824557669459665 ], [ 14.461727638119902, 47.827816315514816 ], [ 14.454642728653406, 47.826575924362977 ] ] ] } },
{ "type": "Feature", "properties": { "index": "881e1414b9fffff" }, "geometry": { "type": "Polygon", "coordinates": [ [ [ 14.409341878725476, 47.826880301578136 ], [ 14.407200537224467, 47.822380912471338 ], [ 14.412141596644476, 47.819124637436168 ], [ 14.419224126683265, 47.820367582535106 ], [ 14.421366206925622, 47.824866941647699 ], [ 14.416425018450944, 47.828123385674942 ], [ 14.409341878725476, 47.826880301578136 ] ] ] } },
{ "type": "Feature", "properties": { "index": "881e14074dfffff" }, "geometry": { "type": "Polygon", "coordinates": [ [ [ 14.319987462962033, 47.761648417547143 ], [ 14.31785386200106, 47.757144673515576 ], [ 14.322793039409683, 47.753889577736636 ], [ 14.32986594967201, 47.755138057372641 ], [ 14.33200028936036, 47.759641772662306 ], [ 14.327060980121574, 47.762897037077252 ], [ 14.319987462962033, 47.761648417547143 ] ] ] } },
{ "type": "Feature", "properties": { "index": "881e141093fffff" }, "geometry": { "type": "Polygon", "coordinates": [ [ [ 14.206977971459866, 47.824155184570813 ], [ 14.204850109846687, 47.819653429901358 ], [ 14.209796275622937, 47.816406813605518 ], [ 14.216870438911307, 47.81766178359991 ], [ 14.218999042031669, 47.822163510603538 ], [ 14.214052740418724, 47.825410295298092 ], [ 14.206977971459866, 47.824155184570813 ] ] ] } },
{ "type": "Feature", "properties": { "index": "881e14028bfffff" }, "geometry": { "type": "Polygon", "coordinates": [ [ [ 14.274744989477117, 47.76190491888385 ], [ 14.272614376021258, 47.757400692435311 ], [ 14.277554748651491, 47.754147797369399 ], [ 14.284625868146614, 47.755398960266916 ], [ 14.286757220963228, 47.759903158491817 ], [ 14.281816714986336, 47.763156222062264 ], [ 14.274744989477117, 47.76190491888385 ] ] ] } },
{ "type": "Feature", "properties": { "index": "881e14043bfffff" }, "geometry": { "type": "Polygon", "coordinates": [ [ [ 14.460496215361088, 47.71619872273758 ], [ 14.458354600008494, 47.711694196285691 ], [ 14.46328714705227, 47.708430132522764 ], [ 14.470361436478132, 47.709670426261241 ], [ 14.472503787713165, 47.714174922518922 ], [ 14.467571113702995, 47.717439155251661 ], [ 14.460496215361088, 47.71619872273758 ] ] ] } },
{ "type": "Feature", "properties": { "index": "881e1402cbfffff" }, "geometry": { "type": "Polygon", "coordinates": [ [ [ 14.257109097946694, 47.779415606264145 ], [ 14.254979163398062, 47.77491208933931 ], [ 14.25992112841382, 47.771660890177941 ], [ 14.266993162039231, 47.772913039481793 ], [ 14.269123836532517, 47.777416528323776 ], [ 14.264181737518085, 47.780667895964193 ], [ 14.257109097946694, 47.779415606264145 ] ] ] } },
{ "type": "Feature", "properties": { "index": "881e1406a1fffff" }, "geometry": { "type": "Polygon", "coordinates": [ [ [ 14.482573432311035, 47.748962675870388 ], [ 14.480429440219906, 47.744460083725507 ], [ 14.485363518807022, 47.74119652758187 ], [ 14.492441715882789, 47.742435394521863 ], [ 14.494586444176502, 47.746937956106564 ], [ 14.489652239255083, 47.750201681330743 ], [ 14.482573432311035, 47.748962675870388 ] ] ] } },
{ "type": "Feature", "properties": { "index": "881e14a92bfffff" }, "geometry": { "type": "Polygon", "coordinates": [ [ [ 14.472255717668062, 47.809040746443124 ], [ 14.470110718263824, 47.804541138938802 ], [ 14.475048957701777, 47.80128096807718 ], [ 14.482132323487535, 47.802520235596475 ], [ 14.484278060400703, 47.807019812449781 ], [ 14.479339694082528, 47.810280152454126 ], [ 14.472255717668062, 47.809040746443124 ] ] ] } },
{ "type": "Feature", "properties": { "index": "881e140747fffff" }, "geometry": { "type": "Polygon", "coordinates": [ [ [ 14.334804683377159, 47.751882284334727 ], [ 14.332670375173164, 47.747378200312689 ], [ 14.337608533451364, 47.744121918752285 ], [ 14.344681131296182, 47.745369552568981 ], [ 14.346816177832162, 47.749873607713354 ], [ 14.341877888253954, 47.753130057938058 ], [ 14.334804683377159, 47.751882284334727 ] ] ] } },
{ "type": "Feature", "properties": { "index": "881e140629fffff" }, "geometry": { "type": "Polygon", "coordinates": [ [ [ 14.395678932271656, 47.77085771594146 ], [ 14.393540066923128, 47.766355282507213 ], [ 14.39847785668589, 47.763096971733219 ], [ 14.405554641183816, 47.764340925545191 ], [ 14.407694244380538, 47.768843329337798 ], [ 14.402756325294053, 47.772101808979436 ], [ 14.395678932271656, 47.77085771594146 ] ] ] } },
{ "type": "Feature", "properties": { "index": "881e1404c5fffff" }, "geometry": { "type": "Polygon", "coordinates": [ [ [ 14.490942066116066, 47.725661602545046 ], [ 14.488798175742192, 47.721157904123331 ], [ 14.493730527218416, 47.717892826183544 ], [ 14.500806895108273, 47.71913127761556 ], [ 14.502951521117495, 47.723634945461868 ], [ 14.498019043664746, 47.726900192470865 ], [ 14.490942066116066, 47.725661602545046 ] ] ] } },
{ "type": "Feature", "properties": { "index": "881e14041dfffff" }, "geometry": { "type": "Polygon", "coordinates": [ [ [ 14.454912726150956, 47.731733275652651 ], [ 14.452771043933643, 47.727229486287541 ], [ 14.457704741775521, 47.723966437178738 ], [ 14.464780249103038, 47.725207008477206 ], [ 14.466922667580764, 47.729710767658325 ], [ 14.461988842533612, 47.732973985744266 ], [ 14.454912726150956, 47.731733275652651 ] ] ] } },
{ "type": "Feature", "properties": { "index": "881e14063dfffff" }, "geometry": { "type": "Polygon", "coordinates": [ [ [ 14.419709400468975, 47.766827558804003 ], [ 14.417569059631525, 47.762325184783641 ], [ 14.422505955720036, 47.759065519956131 ], [ 14.429583321212778, 47.760308060238309 ], [ 14.431724399483231, 47.764810404355913 ], [ 14.426787374890935, 47.768070238113452 ], [ 14.419709400468975, 47.766827558804003 ] ] ] } },
{ "type": "Feature", "properties": { "index": "881e1415c7fffff" }, "geometry": { "type": "Polygon", "coordinates": [ [ [ 14.315162494349675, 47.806180269507266 ], [ 14.313027966557801, 47.801678768540704 ], [ 14.317970155065698, 47.798426048745618 ], [ 14.325047003574149, 47.79967466124728 ], [ 14.327182271023871, 47.80417613337076 ], [ 14.322239950369967, 47.807429021855071 ], [ 14.315162494349675, 47.806180269507266 ] ] ] } },
{ "type": "Feature", "properties": { "index": "881e141499fffff" }, "geometry": { "type": "Polygon", "coordinates": [ [ [ 14.424995080695124, 47.846117803196762 ], [ 14.422852162694193, 47.841619583818058 ], [ 14.427794057006537, 47.838363479545507 ], [ 14.434878997976522, 47.839605425604582 ], [ 14.437022654871706, 47.844103614742536 ], [ 14.432080631965878, 47.847359888081542 ], [ 14.424995080695124, 47.846117803196762 ] ] ] } },
{ "type": "Feature", "properties": { "index": "881e1414b3fffff" }, "geometry": { "type": "Polygon", "coordinates": [ [ [ 14.42416473831201, 47.817110629821961 ], [ 14.422022691030731, 47.812610901017393 ], [ 14.426962725920873, 47.809353439718535 ], [ 14.434044936679058, 47.810595538224405 ], [ 14.436187722303821, 47.815095236899545 ], [ 14.431247558890087, 47.818352867217598 ], [ 14.42416473831201, 47.817110629821961 ] ] ] } },
{ "type": "Feature", "properties": { "index": "881e140415fffff" }, "geometry": { "type": "Polygon", "coordinates": [ [ [ 14.457704741775521, 47.723966437178738 ], [ 14.455563092971781, 47.719462279224032 ], [ 14.460496215361088, 47.71619872273758 ], [ 14.467571113702995, 47.717439155251661 ], [ 14.469713498578143, 47.721943283017275 ], [ 14.464780249103038, 47.725207008477206 ], [ 14.457704741775521, 47.723966437178738 ] ] ] } },
{ "type": "Feature", "properties": { "index": "881e1414a7fffff" }, "geometry": { "type": "Polygon", "coordinates": [ [ [ 14.381676155279457, 47.809648272586266 ], [ 14.379537127970149, 47.805147685420422 ], [ 14.38447779848403, 47.8018919171504 ], [ 14.391557626295684, 47.803136567179081 ], [ 14.393697392400611, 47.807637124727798 ], [ 14.388756591961211, 47.810893061884343 ], [ 14.381676155279457, 47.809648272586266 ] ] ] } },
{ "type": "Feature", "properties": { "index": "881e1406a3fffff" }, "geometry": { "type": "Polygon", "coordinates": [ [ [ 14.494586444176502, 47.746937956106564 ], [ 14.492441715882789, 47.742435394521863 ], [ 14.497375344874058, 47.739171161934983 ], [ 14.504453828146643, 47.740409321840957 ], [ 14.50659929243416, 47.744911852735065 ], [ 14.501665537518557, 47.748176254433083 ], [ 14.494586444176502, 47.746937956106564 ] ] ] } },
{ "type": "Feature", "properties": { "index": "881e1404cdfffff" }, "geometry": { "type": "Polygon", "coordinates": [ [ [ 14.488153063360468, 47.733429503075648 ], [ 14.486009139043421, 47.728926173320602 ], [ 14.490942066116066, 47.725661602545046 ], [ 14.498019043664746, 47.726900192470865 ], [ 14.500163703806164, 47.731403491655612 ], [ 14.495230650637778, 47.734668231504131 ], [ 14.488153063360468, 47.733429503075648 ] ] ] } },
{ "type": "Feature", "properties": { "index": "881e14060dfffff" }, "geometry": { "type": "Polygon", "coordinates": [ [ [ 14.402097134479037, 47.784363480622382 ], [ 14.399957466005308, 47.779861815052165 ], [ 14.404895961148217, 47.776603843706752 ], [ 14.411974253981901, 47.777847369044522 ], [ 14.4141146604751, 47.782349004852406 ], [ 14.409176036178128, 47.785607145104208 ], [ 14.402097134479037, 47.784363480622382 ] ] ] } },
{ "type": "Feature", "properties": { "index": "881e14a905fffff" }, "geometry": { "type": "Polygon", "coordinates": [ [ [ 14.469461934565059, 47.816799646967887 ], [ 14.467316901440995, 47.81230040913627 ], [ 14.472255717668062, 47.809040746443124 ], [ 14.479339694082528, 47.810280152454126 ], [ 14.481485464905166, 47.814779359639573 ], [ 14.476546521678138, 47.818039191479528 ], [ 14.469461934565059, 47.816799646967887 ] ] ] } },
{ "type": "Feature", "properties": { "index": "881e1404e9fffff" }, "geometry": { "type": "Polygon", "coordinates": [ [ [ 14.481722094076357, 47.719918746012922 ], [ 14.479578973337961, 47.715414648566892 ], [ 14.484511198547319, 47.71214973966201 ], [ 14.491586670825104, 47.713388759187573 ], [ 14.493730527218416, 47.717892826183544 ], [ 14.488798175742192, 47.721157904123331 ], [ 14.481722094076357, 47.719918746012922 ] ] ] } },
{ "type": "Feature", "properties": { "index": "881e140417fffff" }, "geometry": { "type": "Polygon", "coordinates": [ [ [ 14.469713498578143, 47.721943283017275 ], [ 14.467571113702995, 47.717439155251661 ], [ 14.472503787713165, 47.714174922518922 ], [ 14.479578973337961, 47.715414648566892 ], [ 14.481722094076357, 47.719918746012922 ], [ 14.476789293389841, 47.723183147749893 ], [ 14.469713498578143, 47.721943283017275 ] ] ] } },
{ "type": "Feature", "properties": { "index": "881e14a927fffff" }, "geometry": { "type": "Polygon", "coordinates": [ [ [ 14.465821524435116, 47.795541154222938 ], [ 14.463677329921985, 47.791040777117416 ], [ 14.468614865626765, 47.787780267291708 ], [ 14.475696722959452, 47.789019965486872 ], [ 14.477841654811265, 47.793520312061993 ], [ 14.472903992054952, 47.796780990991664 ], [ 14.465821524435116, 47.795541154222938 ] ] ] } },
{ "type": "Feature", "properties": { "index": "881e1402c7fffff" }, "geometry": { "type": "Polygon", "coordinates": [ [ [ 14.250720094818996, 47.765904289804951 ], [ 14.248590960700051, 47.761400007301731 ], [ 14.25353221610415, 47.758148467334969 ], [ 14.260602739854662, 47.759401041450836 ], [ 14.262732613744562, 47.763905295992174 ], [ 14.257791224175291, 47.767157004398925 ], [ 14.250720094818996, 47.765904289804951 ] ] ] } },
{ "type": "Feature", "properties": { "index": "881e14a96dfffff" }, "geometry": { "type": "Polygon", "coordinates": [ [ [ 14.433390377665638, 47.822852196205574 ], [ 14.431247558890087, 47.818352867217598 ], [ 14.436187722303821, 47.815095236899545 ], [ 14.443270832789132, 47.816336766534562 ], [ 14.445414389889486, 47.820836065267464 ], [ 14.440474098242932, 47.824093864639778 ], [ 14.433390377665638, 47.822852196205574 ] ] ] } },
{ "type": "Feature", "properties": { "index": "881e141493fffff" }, "geometry": { "type": "Polygon", "coordinates": [ [ [ 14.439820443688477, 47.83634864348776 ], [ 14.437676820020448, 47.831850084393579 ], [ 14.442617688646015, 47.828592793598972 ], [ 14.449702309064882, 47.829833892824546 ], [ 14.451846671228713, 47.834332421542825 ], [ 14.446905674541119, 47.83758988143078 ], [ 14.439820443688477, 47.83634864348776 ] ] ] } },
{ "type": "Feature", "properties": { "index": "881e1404c9fffff" }, "geometry": { "type": "Polygon", "coordinates": [ [ [ 14.497375344874058, 47.739171161934983 ], [ 14.495230650637778, 47.734668231504131 ], [ 14.500163703806164, 47.731403491655612 ], [ 14.507241577079235, 47.732641513149929 ], [ 14.50938700712018, 47.737144412885144 ], [ 14.504453828146643, 47.740409321840957 ], [ 14.497375344874058, 47.739171161934983 ] ] ] } },
{ "type": "Feature", "properties": { "index": "881e1415edfffff" }, "geometry": { "type": "Polygon", "coordinates": [ [ [ 14.28472415629394, 47.796678946009997 ], [ 14.282591910122933, 47.792176620794805 ], [ 14.287534276270115, 47.788924916089236 ], [ 14.294609021784577, 47.790175368032202 ], [ 14.296742007852401, 47.794677664786789 ], [ 14.29179950857147, 47.797929538078456 ], [ 14.28472415629394, 47.796678946009997 ] ] ] } },
{ "type": "Feature", "properties": { "index": "881e14075bfffff" }, "geometry": { "type": "Polygon", "coordinates": [ [ [ 14.374449136921784, 47.76712288854273 ], [ 14.37231178001872, 47.762620027228671 ], [ 14.377249885960802, 47.759362562392219 ], [ 14.384325478891947, 47.76060779008791 ], [ 14.386463573868319, 47.765110622016579 ], [ 14.381525337903064, 47.768368255654295 ], [ 14.374449136921784, 47.76712288854273 ] ] ] } },
{ "type": "Feature", "properties": { "index": "881e140637fffff" }, "geometry": { "type": "Polygon", "coordinates": [ [ [ 14.4345197698298, 47.75704771849388 ], [ 14.432378724633196, 47.752545005412884 ], [ 14.437314597382004, 47.749284155782298 ], [ 14.444391643364453, 47.750525850294693 ], [ 14.446533425596943, 47.755028533337388 ], [ 14.441597424874146, 47.758289551925294 ], [ 14.4345197698298, 47.75704771849388 ] ] ] } },
{ "type": "Feature", "properties": { "index": "881e14064dfffff" }, "geometry": { "type": "Polygon", "coordinates": [ [ [ 14.38447779848403, 47.8018919171504 ], [ 14.382338803490931, 47.797390960547581 ], [ 14.387278897640488, 47.794134683576075 ], [ 14.394358116651119, 47.795379194344058 ], [ 14.396497850250253, 47.799880121324883 ], [ 14.391557626295684, 47.803136567179081 ], [ 14.38447779848403, 47.8018919171504 ] ] ] } },
{ "type": "Feature", "properties": { "index": "881e1402d1fffff" }, "geometry": { "type": "Polygon", "coordinates": [ [ [ 14.281138431309923, 47.775416066695279 ], [ 14.279007017077191, 47.770912606067007 ], [ 14.283948098530228, 47.767660051534797 ], [ 14.291020727458099, 47.768910789106783 ], [ 14.293152881224863, 47.773414221390517 ], [ 14.288211666592142, 47.776666944466214 ], [ 14.281138431309923, 47.775416066695279 ] ] ] } },
{ "type": "Feature", "properties": { "index": "881e1404e7fffff" }, "geometry": { "type": "Polygon", "coordinates": [ [ [ 14.487299761477241, 47.70437985775753 ], [ 14.485156708434323, 47.69987502343016 ], [ 14.490087783010623, 47.696609100493426 ], [ 14.497162036721566, 47.69784784287576 ], [ 14.499305825041617, 47.702352646742767 ], [ 14.494374624436755, 47.705618738707095 ], [ 14.487299761477241, 47.70437985775753 ] ] ] } },
{ "type": "Feature", "properties": { "index": "881e14149dfffff" }, "geometry": { "type": "Polygon", "coordinates": [ [ [ 14.415767512239437, 47.840376929700284 ], [ 14.41362536618858, 47.835878310245519 ], [ 14.418567131616507, 47.832622375004249 ], [ 14.425651172042873, 47.833864890205845 ], [ 14.427794057006537, 47.838363479545507 ], [ 14.422852162694193, 47.841619583818058 ], [ 14.415767512239437, 47.840376929700284 ] ] ] } },
{ "type": "Feature", "properties": { "index": "881e140709fffff" }, "geometry": { "type": "Polygon", "coordinates": [ [ [ 14.346816177832162, 47.749873607713354 ], [ 14.344681131296182, 47.745369552568981 ], [ 14.349618845433495, 47.742112593925825 ], [ 14.356691737060041, 47.743359521750435 ], [ 14.358827521721695, 47.747863547886389 ], [ 14.353889676693797, 47.751120675225536 ], [ 14.346816177832162, 47.749873607713354 ] ] ] } },
{ "type": "Feature", "properties": { "index": "881e14046bfffff" }, "geometry": { "type": "Polygon", "coordinates": [ [ [ 14.409668122558774, 47.732045225050406 ], [ 14.407529420118646, 47.727540947644982 ], [ 14.412464331804852, 47.724280096881657 ], [ 14.419538074717535, 47.725523354693621 ], [ 14.421677514059869, 47.730027602432266 ], [ 14.416742473650219, 47.733288622045059 ], [ 14.409668122558774, 47.732045225050406 ] ] ] } },
{ "type": "Feature", "properties": { "index": "881e140635fffff" }, "geometry": { "type": "Polygon", "coordinates": [ [ [ 14.422505955720036, 47.759065519956131 ], [ 14.420365647767163, 47.754562776967369 ], [ 14.42530196800033, 47.751302604149238 ], [ 14.432378724633196, 47.752545005412884 ], [ 14.4345197698298, 47.75704771849388 ], [ 14.429583321212778, 47.760308060238309 ], [ 14.422505955720036, 47.759065519956131 ] ] ] } },
{ "type": "Feature", "properties": { "index": "881e14ab2dfffff" }, "geometry": { "type": "Polygon", "coordinates": [ [ [ 14.431425445079199, 47.859610920585574 ], [ 14.429281721843207, 47.855113471633373 ], [ 14.434224322050378, 47.851857707172123 ], [ 14.441310773979575, 47.853099222576667 ], [ 14.443455236281071, 47.857596641167149 ], [ 14.438512507651181, 47.860852574734182 ], [ 14.431425445079199, 47.859610920585574 ] ] ] } },
{ "type": "Feature", "properties": { "index": "881e1406c1fffff" }, "geometry": { "type": "Polygon", "coordinates": [ [ [ 14.480633809141494, 47.785758778589681 ], [ 14.478488911122286, 47.781258062616622 ], [ 14.483425420837468, 47.777996367852509 ], [ 14.490506955156485, 47.779235219950081 ], [ 14.492652590115998, 47.783735905257466 ], [ 14.487715953879531, 47.786997769152258 ], [ 14.480633809141494, 47.785758778589681 ] ] ] } },
{ "type": "Feature", "properties": { "index": "881e140419fffff" }, "geometry": { "type": "Polygon", "coordinates": [ [ [ 14.464131294576445, 47.737477376248535 ], [ 14.461988842533612, 47.732973985744266 ], [ 14.466922667580764, 47.729710767658325 ], [ 14.473999071648993, 47.730950771084366 ], [ 14.476142259933132, 47.735454131279269 ], [ 14.471208307970851, 47.738717518376809 ], [ 14.464131294576445, 47.737477376248535 ] ] ] } },
{ "type": "Feature", "properties": { "index": "881e14068dfffff" }, "geometry": { "type": "Polygon", "coordinates": [ [ [ 14.486216490044107, 47.770233080042935 ], [ 14.484071659802659, 47.765731625549392 ], [ 14.489007016906296, 47.762468915353558 ], [ 14.496087330597, 47.763707490547816 ], [ 14.498232897399999, 47.7682089143658 ], [ 14.493297414014032, 47.771471793684412 ], [ 14.486216490044107, 47.770233080042935 ] ] ] } },
{ "type": "Feature", "properties": { "index": "881e14041bfffff" }, "geometry": { "type": "Polygon", "coordinates": [ [ [ 14.476142259933132, 47.735454131279269 ], [ 14.473999071648993, 47.730950771084366 ], [ 14.478932447919835, 47.727686876616545 ], [ 14.486009139043421, 47.728926173320602 ], [ 14.488153063360468, 47.733429503075648 ], [ 14.483219560584214, 47.736693566585799 ], [ 14.476142259933132, 47.735454131279269 ] ] ] } },
{ "type": "Feature", "properties": { "index": "881e1406e5fffff" }, "geometry": { "type": "Polygon", "coordinates": [ [ [ 14.455753922074949, 47.76077194378157 ], [ 14.45361136956226, 47.756269659861069 ], [ 14.458546921968255, 47.753007964503261 ], [ 14.465625154223888, 47.754248384062407 ], [ 14.467768443545424, 47.758750637688657 ], [ 14.462832763865634, 47.762012502069346 ], [ 14.455753922074949, 47.76077194378157 ] ] ] } },
{ "type": "Feature", "properties": { "index": "881e140643fffff" }, "geometry": { "type": "Polygon", "coordinates": [ [ [ 14.408517746859365, 47.797866940755341 ], [ 14.406377274861761, 47.793366043527037 ], [ 14.411316475442456, 47.790108411668143 ], [ 14.418396277068053, 47.791351508111688 ], [ 14.420537487256389, 47.795852375456953 ], [ 14.415598157691473, 47.79911017626106 ], [ 14.408517746859365, 47.797866940755341 ] ] ] } },
{ "type": "Feature", "properties": { "index": "881e14a935fffff" }, "geometry": { "type": "Polygon", "coordinates": [ [ [ 14.487070113004313, 47.799259387528103 ], [ 14.484924410038188, 47.794759441098485 ], [ 14.489861622861095, 47.791498085066614 ], [ 14.496944665063246, 47.792736506314377 ], [ 14.499091105139591, 47.797236421957798 ], [ 14.494153765966953, 47.800497947158981 ], [ 14.487070113004313, 47.799259387528103 ] ] ] } },
{ "type": "Feature", "properties": { "index": "881e1406b3fffff" }, "geometry": { "type": "Polygon", "coordinates": [ [ [ 14.527838610512243, 47.748623349863678 ], [ 14.52569164027668, 47.744121249665085 ], [ 14.530624493915097, 47.740855495242798 ], [ 14.53770444266576, 47.742091671832171 ], [ 14.53985214845679, 47.74659374095414 ], [ 14.534919170005072, 47.749859664582658 ], [ 14.527838610512243, 47.748623349863678 ] ] ] } },
{ "type": "Feature", "properties": { "index": "881e141567fffff" }, "geometry": { "type": "Polygon", "coordinates": [ [ [ 14.215431244939987, 47.800907433722216 ], [ 14.21330347208726, 47.796404571347146 ], [ 14.218247910384406, 47.793156425186353 ], [ 14.22532025706723, 47.79441097303166 ], [ 14.227448770858176, 47.798913807726386 ], [ 14.222504197090322, 47.802162122275611 ], [ 14.215431244939987, 47.800907433722216 ] ] ] } },
{ "type": "Feature", "properties": { "index": "881e1415d5fffff" }, "geometry": { "type": "Polygon", "coordinates": [ [ [ 14.336396060950277, 47.809925252719708 ], [ 14.334260022453249, 47.805424178934857 ], [ 14.339201898654565, 47.802170612608727 ], [ 14.346279944862154, 47.80341795133036 ], [ 14.348416722793587, 47.807918996015637 ], [ 14.343474715145794, 47.811172731098267 ], [ 14.336396060950277, 47.809925252719708 ] ] ] } },
{ "type": "Feature", "properties": { "index": "881e14066dfffff" }, "geometry": { "type": "Polygon", "coordinates": [ [ [ 14.368846007673421, 47.782640908463165 ], [ 14.366708586553813, 47.778138785217529 ], [ 14.371647844207649, 47.77488233729715 ], [ 14.378724653307975, 47.776127843833187 ], [ 14.38086281287965, 47.780629937703324 ], [ 14.375923424961774, 47.7838865544323 ], [ 14.368846007673421, 47.782640908463165 ] ] ] } },
{ "type": "Feature", "properties": { "index": "881e1404e3fffff" }, "geometry": { "type": "Polygon", "coordinates": [ [ [ 14.496518446812088, 47.710123174184858 ], [ 14.494374624436755, 47.705618738707095 ], [ 14.499305825041617, 47.702352646742767 ], [ 14.506380973823335, 47.703590821213687 ], [ 14.508525531456154, 47.708095226105783 ], [ 14.503594205112968, 47.71136148713191 ], [ 14.496518446812088, 47.710123174184858 ] ] ] } },
{ "type": "Feature", "properties": { "index": "881e140651fffff" }, "geometry": { "type": "Polygon", "coordinates": [ [ [ 14.429760169897307, 47.801595371529054 ], [ 14.427618188651619, 47.797094903614834 ], [ 14.432557070386414, 47.793836425445306 ], [ 14.439638061713337, 47.795078246198031 ], [ 14.441780780923212, 47.79957868397311 ], [ 14.43684177090509, 47.802837331153945 ], [ 14.429760169897307, 47.801595371529054 ] ] ] } },
{ "type": "Feature", "properties": { "index": "881e140489fffff" }, "geometry": { "type": "Polygon", "coordinates": [ [ [ 14.514960811872216, 47.721606905385478 ], [ 14.512815450436406, 47.717103268245012 ], [ 14.517746902227451, 47.713836838122901 ], [ 14.524823840674916, 47.715073876030395 ], [ 14.526969937328424, 47.719577482334635 ], [ 14.522038360380094, 47.722844081586899 ], [ 14.514960811872216, 47.721606905385478 ] ] ] } },
{ "type": "Feature", "properties": { "index": "881e1404a3fffff" }, "geometry": { "type": "Polygon", "coordinates": [ [ [ 14.514097377046207, 47.692552005417276 ], [ 14.511952887939012, 47.688046863849749 ], [ 14.516882488421668, 47.684779082558642 ], [ 14.523956703165929, 47.686016273769397 ], [ 14.526101926944268, 47.690521384610442 ], [ 14.521172201370442, 47.693789334986477 ], [ 14.514097377046207, 47.692552005417276 ] ] ] } },
{ "type": "Feature", "properties": { "index": "881e140701fffff" }, "geometry": { "type": "Polygon", "coordinates": [ [ [ 14.349618845433495, 47.742112593925825 ], [ 14.347483830609196, 47.73760817014621 ], [ 14.352420969412297, 47.734350703185271 ], [ 14.359493253872447, 47.735597491330793 ], [ 14.361629006633258, 47.740101886096966 ], [ 14.356691737060041, 47.743359521750435 ], [ 14.349618845433495, 47.742112593925825 ] ] ] } },
{ "type": "Feature", "properties": { "index": "881e140705fffff" }, "geometry": { "type": "Polygon", "coordinates": [ [ [ 14.340411839727794, 47.736360676107651 ], [ 14.338277594606957, 47.731855854897177 ], [ 14.343214602351228, 47.728598556593667 ], [ 14.350285986337749, 47.729845910862572 ], [ 14.352420969412297, 47.734350703185271 ], [ 14.347483830609196, 47.73760817014621 ], [ 14.340411839727794, 47.736360676107651 ] ] ] } },
{ "type": "Feature", "properties": { "index": "881e14a923fffff" }, "geometry": { "type": "Polygon", "coordinates": [ [ [ 14.475048957701777, 47.80128096807718 ], [ 14.472903992054952, 47.796780990991664 ], [ 14.477841654811265, 47.793520312061993 ], [ 14.484924410038188, 47.794759441098485 ], [ 14.487070113004313, 47.799259387528103 ], [ 14.482132323487535, 47.802520235596475 ], [ 14.475048957701777, 47.80128096807718 ] ] ] } },
{ "type": "Feature", "properties": { "index": "881e140625fffff" }, "geometry": { "type": "Polygon", "coordinates": [ [ [ 14.389263139041345, 47.757349648146601 ], [ 14.387125076419551, 47.752846447326597 ], [ 14.392062160859968, 47.749587797182272 ], [ 14.399137437478164, 47.750832179048295 ], [ 14.401276237776903, 47.755335350347274 ], [ 14.396339023843325, 47.758594169320617 ], [ 14.389263139041345, 47.757349648146601 ] ] ] } },
{ "type": "Feature", "properties": { "index": "881e140689fffff" }, "geometry": { "type": "Polygon", "coordinates": [ [ [ 14.49544301491402, 47.775972848293023 ], [ 14.493297414014032, 47.771471793684412 ], [ 14.498232897399999, 47.7682089143658 ], [ 14.50531410774064, 47.769446920517836 ], [ 14.507460445182451, 47.773947944325492 ], [ 14.502524835805135, 47.777210992801372 ], [ 14.49544301491402, 47.775972848293023 ] ] ] } },
{ "type": "Feature", "properties": { "index": "881e140641fffff" }, "geometry": { "type": "Polygon", "coordinates": [ [ [ 14.396497850250253, 47.799880121324883 ], [ 14.394358116651119, 47.795379194344058 ], [ 14.399297764228058, 47.792122239892464 ], [ 14.406377274861761, 47.793366043527037 ], [ 14.408517746859365, 47.797866940755341 ], [ 14.403577969887813, 47.801124064120955 ], [ 14.396497850250253, 47.799880121324883 ] ] ] } },
{ "type": "Feature", "properties": { "index": "881e14a967fffff" }, "geometry": { "type": "Polygon", "coordinates": [ [ [ 14.448210547564141, 47.813078458684728 ], [ 14.446067023804277, 47.808578790269458 ], [ 14.451006161815103, 47.805319974042376 ], [ 14.458088951350984, 47.806560657168767 ], [ 14.460233213037403, 47.811060295193741 ], [ 14.455293947324652, 47.814319280501977 ], [ 14.448210547564141, 47.813078458684728 ] ] ] } },
{ "type": "Feature", "properties": { "index": "881e1406cbfffff" }, "geometry": { "type": "Polygon", "coordinates": [ [ [ 14.489861622861095, 47.791498085066614 ], [ 14.487715953879531, 47.786997769152258 ], [ 14.492652590115998, 47.783735905257466 ], [ 14.499735021627634, 47.784974188131052 ], [ 14.501881427529934, 47.789474473254295 ], [ 14.496944665063246, 47.792736506314377 ], [ 14.489861622861095, 47.791498085066614 ] ] ] } },
{ "type": "Feature", "properties": { "index": "881e141517fffff" }, "geometry": { "type": "Polygon", "coordinates": [ [ [ 14.281913491125101, 47.80443209738948 ], [ 14.27978121422953, 47.799930141380422 ], [ 14.28472415629394, 47.796678946009997 ], [ 14.29179950857147, 47.797929538078456 ], [ 14.293932525553435, 47.802431465631784 ], [ 14.288989450233977, 47.805682829591831 ], [ 14.281913491125101, 47.80443209738948 ] ] ] } },
{ "type": "Feature", "properties": { "index": "881e141511fffff" }, "geometry": { "type": "Polygon", "coordinates": [ [ [ 14.279102280618478, 47.812184370036228 ], [ 14.276969973036815, 47.807682783324793 ], [ 14.281913491125101, 47.80443209738948 ], [ 14.288989450233977, 47.805682829591831 ], [ 14.291122498091628, 47.810184387852388 ], [ 14.286178846626935, 47.813435242380912 ], [ 14.279102280618478, 47.812184370036228 ] ] ] } },
{ "type": "Feature", "properties": { "index": "881e1406ebfffff" }, "geometry": { "type": "Polygon", "coordinates": [ [ [ 14.474199919720593, 47.772255861498657 ], [ 14.472055826249495, 47.767754376459933 ], [ 14.476991632912597, 47.764492343021693 ], [ 14.484071659802659, 47.765731625549392 ], [ 14.486216490044107, 47.770233080042935 ], [ 14.481280556688377, 47.7734952825733 ], [ 14.474199919720593, 47.772255861498657 ] ] ] } },
{ "type": "Feature", "properties": { "index": "881e140401fffff" }, "geometry": { "type": "Polygon", "coordinates": [ [ [ 14.433686748464419, 47.728008596903216 ], [ 14.431546572427262, 47.723504378961991 ], [ 14.436480590309214, 47.720242175189824 ], [ 14.443554912195951, 47.721484020466541 ], [ 14.445695824720282, 47.725988208479755 ], [ 14.44076167893366, 47.729250581163583 ], [ 14.433686748464419, 47.728008596903216 ] ] ] } },
{ "type": "Feature", "properties": { "index": "881e1404d5fffff" }, "geometry": { "type": "Polygon", "coordinates": [ [ [ 14.524184491543799, 47.72734731923979 ], [ 14.522038360380094, 47.722844081586899 ], [ 14.526969937328424, 47.719577482334635 ], [ 14.534047770370302, 47.720813951590223 ], [ 14.536194636731562, 47.725317158281626 ], [ 14.531262934916755, 47.728583926698214 ], [ 14.524184491543799, 47.72734731923979 ] ] ] } },
{ "type": "Feature", "properties": { "index": "881e1415adfffff" }, "geometry": { "type": "Polygon", "coordinates": [ [ [ 14.302359337542324, 47.779167427989961 ], [ 14.300226413417917, 47.77466439310777 ], [ 14.305167185223413, 47.771410992421686 ], [ 14.312241013697484, 47.772660458026138 ], [ 14.314374677133944, 47.777163464307129 ], [ 14.309433772846841, 47.780417033604287 ], [ 14.302359337542324, 47.779167427989961 ] ] ] } },
{ "type": "Feature", "properties": { "index": "881e140599fffff" }, "geometry": { "type": "Polygon", "coordinates": [ [ [ 14.483659528520455, 47.683092725828232 ], [ 14.481517312220202, 47.678586756528198 ], [ 14.486447110511323, 47.675319988951642 ], [ 14.493519251246203, 47.676559021708172 ], [ 14.495662202465567, 47.681064960662709 ], [ 14.49073227809404, 47.684331897225491 ], [ 14.483659528520455, 47.683092725828232 ] ] ] } },
{ "type": "Feature", "properties": { "index": "881e140293fffff" }, "geometry": { "type": "Polygon", "coordinates": [ [ [ 14.310781246982753, 47.755895487905526 ], [ 14.308648416060954, 47.751391346520464 ], [ 14.313587461350844, 47.748136419342174 ], [ 14.320659469743809, 47.749385464967695 ], [ 14.322793039409683, 47.753889577736636 ], [ 14.31785386200106, 47.757144673515576 ], [ 14.310781246982753, 47.755895487905526 ] ] ] } },
{ "type": "Feature", "properties": { "index": "881e14a947fffff" }, "geometry": { "type": "Polygon", "coordinates": [ [ [ 14.463872738570702, 47.832314813726846 ], [ 14.461727638119902, 47.827816315514816 ], [ 14.466667608247667, 47.824557669459665 ], [ 14.473752806129246, 47.825797352480855 ], [ 14.47589864465807, 47.830295820056278 ], [ 14.470958547290675, 47.833554635266481 ], [ 14.463872738570702, 47.832314813726846 ] ] ] } },
{ "type": "Feature", "properties": { "index": "881e141591fffff" }, "geometry": { "type": "Polygon", "coordinates": [ [ [ 14.363240702564889, 47.798155417261576 ], [ 14.361103217380908, 47.793654032451371 ], [ 14.366043627174184, 47.790398601848644 ], [ 14.373121652719478, 47.791644387259495 ], [ 14.3752598767345, 47.796145742704006 ], [ 14.370319336436063, 47.799401342122742 ], [ 14.363240702564889, 47.798155417261576 ] ] ] } },
{ "type": "Feature", "properties": { "index": "881e140611fffff" }, "geometry": { "type": "Polygon", "coordinates": [ [ [ 14.447371666300549, 47.784058619906475 ], [ 14.445229013656494, 47.779557443397827 ], [ 14.450166294385957, 47.776297271675801 ], [ 14.457246355455602, 47.777538107447256 ], [ 14.459389745476553, 47.782039253676508 ], [ 14.454452337114102, 47.785299594433013 ], [ 14.447371666300549, 47.784058619906475 ] ] ] } },
{ "type": "Feature", "properties": { "index": "881e1415a3fffff" }, "geometry": { "type": "Polygon", "coordinates": [ [ [ 14.326389868919481, 47.775158116783089 ], [ 14.324255466376993, 47.770655139234059 ], [ 14.329195351256114, 47.767400383542551 ], [ 14.336269770402552, 47.768648436744634 ], [ 14.338404911844924, 47.773151385430985 ], [ 14.333464895303607, 47.776406309797316 ], [ 14.326389868919481, 47.775158116783089 ] ] ] } },
{ "type": "Feature", "properties": { "index": "881e141581fffff" }, "geometry": { "type": "Polygon", "coordinates": [ [ [ 14.329988748039664, 47.796421263642259 ], [ 14.327853512034434, 47.791919422240561 ], [ 14.332794680418401, 47.788665515614909 ], [ 14.339871216485161, 47.789913281692925 ], [ 14.342007191752247, 47.794415094115962 ], [ 14.337065891753419, 47.797669169459027 ], [ 14.329988748039664, 47.796421263642259 ] ] ] } },
{ "type": "Feature", "properties": { "index": "881e1414d1fffff" }, "geometry": { "type": "Polygon", "coordinates": [ [ [ 14.410166640700275, 47.855883402346407 ], [ 14.408024428992578, 47.851385522914129 ], [ 14.412967348649143, 47.848130605544675 ], [ 14.420052609201811, 47.849373398587439 ], [ 14.422195560202141, 47.853871247914086 ], [ 14.417252511420349, 47.857126334322977 ], [ 14.410166640700275, 47.855883402346407 ] ] ] } },
{ "type": "Feature", "properties": { "index": "881e1415b7fffff" }, "geometry": { "type": "Polygon", "coordinates": [ [ [ 14.350419804856369, 47.771143270264282 ], [ 14.348283924720475, 47.766640350571336 ], [ 14.353222920978109, 47.763384240162615 ], [ 14.360297928277072, 47.764630880727971 ], [ 14.362434546899898, 47.769133771296794 ], [ 14.357495419799552, 47.772390050443754 ], [ 14.350419804856369, 47.771143270264282 ] ] ] } },
{ "type": "Feature", "properties": { "index": "881e141527fffff" }, "geometry": { "type": "Polygon", "coordinates": [ [ [ 14.233079193566061, 47.783409611034628 ], [ 14.230950739521662, 47.778906038336757 ], [ 14.235893586402474, 47.775656194830852 ], [ 14.242965022207537, 47.776909755628012 ], [ 14.245094216606478, 47.781413300504809 ], [ 14.240151234908051, 47.784663312424975 ], [ 14.233079193566061, 47.783409611034628 ] ] ] } },
{ "type": "Feature", "properties": { "index": "881e1415a5fffff" }, "geometry": { "type": "Polygon", "coordinates": [ [ [ 14.305167185223413, 47.771410992421686 ], [ 14.303034292128213, 47.766907588613321 ], [ 14.307974488321921, 47.76365367899615 ], [ 14.315047710033918, 47.764903004599176 ], [ 14.317181342251756, 47.769406379801396 ], [ 14.312241013697484, 47.772660458026138 ], [ 14.305167185223413, 47.771410992421686 ] ] ] } },
{ "type": "Feature", "properties": { "index": "881e1414a5fffff" }, "geometry": { "type": "Polygon", "coordinates": [ [ [ 14.369654764272722, 47.811658035482658 ], [ 14.367516475966484, 47.807157418830251 ], [ 14.372457592615723, 47.803902328216957 ], [ 14.379537127970149, 47.805147685420422 ], [ 14.381676155279457, 47.809648272586266 ], [ 14.376734908294175, 47.812903532054619 ], [ 14.369654764272722, 47.811658035482658 ] ] ] } },
{ "type": "Feature", "properties": { "index": "881e1406d7fffff" }, "geometry": { "type": "Polygon", "coordinates": [ [ [ 14.516689660226909, 47.779686004773467 ], [ 14.514542552014122, 47.775185381188471 ], [ 14.519477710588856, 47.771921655968065 ], [ 14.526560102729407, 47.77315838512974 ], [ 14.528707947254764, 47.777658977658085 ], [ 14.523772663390428, 47.780922872100689 ], [ 14.516689660226909, 47.779686004773467 ] ] ] } },
{ "type": "Feature", "properties": { "index": "881e14076bfffff" }, "geometry": { "type": "Polygon", "coordinates": [ [ [ 14.325598071739577, 47.74612986056227 ], [ 14.323464533407019, 47.741625379148019 ], [ 14.328402560096574, 47.738369266216715 ], [ 14.33547425676989, 47.739617466089946 ], [ 14.337608533451364, 47.744121918752285 ], [ 14.332670375173164, 47.747378200312689 ], [ 14.325598071739577, 47.74612986056227 ] ] ] } },
{ "type": "Feature", "properties": { "index": "881e14a965fffff" }, "geometry": { "type": "Polygon", "coordinates": [ [ [ 14.436187722303821, 47.815095236899545 ], [ 14.434044936679058, 47.810595538224405 ], [ 14.438984523341299, 47.807337399424817 ], [ 14.446067023804277, 47.808578790269458 ], [ 14.448210547564141, 47.813078458684728 ], [ 14.443270832789132, 47.816336766534562 ], [ 14.436187722303821, 47.815095236899545 ] ] ] } },
{ "type": "Feature", "properties": { "index": "881e141523fffff" }, "geometry": { "type": "Polygon", "coordinates": [ [ [ 14.242280459389102, 47.789166488350929 ], [ 14.240151234908051, 47.784663312424975 ], [ 14.245094216606478, 47.781413300504809 ], [ 14.252166557377977, 47.782666296079952 ], [ 14.254296522198157, 47.787169444058861 ], [ 14.249353405970007, 47.79041962442912 ], [ 14.242280459389102, 47.789166488350929 ] ] ] } },
{ "type": "Feature", "properties": { "index": "881e140665fffff" }, "geometry": { "type": "Polygon", "coordinates": [ [ [ 14.371647844207649, 47.77488233729715 ], [ 14.36951045517729, 47.77037984497138 ], [ 14.374449136921784, 47.76712288854273 ], [ 14.381525337903064, 47.768368255654295 ], [ 14.38366346519606, 47.772870718599599 ], [ 14.378724653307975, 47.776127843833187 ], [ 14.371647844207649, 47.77488233729715 ] ] ] } },
{ "type": "Feature", "properties": { "index": "881e1414adfffff" }, "geometry": { "type": "Polygon", "coordinates": [ [ [ 14.366851391560353, 47.819412864309463 ], [ 14.364713071165617, 47.814912617190323 ], [ 14.369654764272722, 47.811658035482658 ], [ 14.376734908294175, 47.812903532054619 ], [ 14.378873967881617, 47.817403749692026 ], [ 14.373932144317831, 47.820658500258588 ], [ 14.366851391560353, 47.819412864309463 ] ] ] } },
{ "type": "Feature", "properties": { "index": "881e1415e1fffff" }, "geometry": { "type": "Polygon", "coordinates": [ [ [ 14.296742007852401, 47.794677664786789 ], [ 14.294609021784577, 47.790175368032202 ], [ 14.299550945133682, 47.786922985508951 ], [ 14.306625987336961, 47.788172731141579 ], [ 14.308759713095753, 47.792674999304801 ], [ 14.303817657022829, 47.795927550446194 ], [ 14.296742007852401, 47.794677664786789 ] ] ] } },
{ "type": "Feature", "properties": { "index": "881e14a94dfffff" }, "geometry": { "type": "Polygon", "coordinates": [ [ [ 14.449050070121938, 47.842088040197595 ], [ 14.446905674541119, 47.83758988143078 ], [ 14.451846671228713, 47.834332421542825 ], [ 14.458932191331353, 47.835572951312635 ], [ 14.461077325389013, 47.84007107957796 ], [ 14.45613620093051, 47.843328708594306 ], [ 14.449050070121938, 47.842088040197595 ] ] ] } },
{ "type": "Feature", "properties": { "index": "881e1410bdfffff" }, "geometry": { "type": "Polygon", "coordinates": [ [ [ 14.167359760311891, 47.8088680962571 ], [ 14.16523495325514, 47.804365124470259 ], [ 14.170181148358699, 47.801119691575217 ], [ 14.1772522876902, 47.802377062229269 ], [ 14.179377836502043, 47.806880006859664 ], [ 14.17443150428935, 47.810125608011965 ], [ 14.167359760311891, 47.8088680962571 ] ] ] } },
{ "type": "Feature", "properties": { "index": "881e140743fffff" }, "geometry": { "type": "Polygon", "coordinates": [ [ [ 14.344012966463527, 47.757633744355054 ], [ 14.341877888253954, 47.753130057938058 ], [ 14.346816177832162, 47.749873607713354 ], [ 14.353889676693797, 47.751120675225536 ], [ 14.356025493218269, 47.755624332639165 ], [ 14.351087072628891, 47.75888095156337 ], [ 14.344012966463527, 47.757633744355054 ] ] ] } },
{ "type": "Feature", "properties": { "index": "881e14066bfffff" }, "geometry": { "type": "Polygon", "coordinates": [ [ [ 14.390079452893916, 47.786376572055119 ], [ 14.387940522647197, 47.781874876853145 ], [ 14.392879464389308, 47.778617582779539 ], [ 14.399957466005308, 47.779861815052165 ], [ 14.402097134479037, 47.784363480622382 ], [ 14.397158063172677, 47.787620943571106 ], [ 14.390079452893916, 47.786376572055119 ] ] ] } },
{ "type": "Feature", "properties": { "index": "881e140751fffff" }, "geometry": { "type": "Polygon", "coordinates": [ [ [ 14.365236479588606, 47.761374093069115 ], [ 14.363099892941731, 47.756870833598946 ], [ 14.368037868571315, 47.753613537528693 ], [ 14.375112561223034, 47.754859332181809 ], [ 14.377249885960802, 47.759362562392219 ], [ 14.37231178001872, 47.762620027228671 ], [ 14.365236479588606, 47.761374093069115 ] ] ] } },
{ "type": "Feature", "properties": { "index": "881e14029bfffff" }, "geometry": { "type": "Polygon", "coordinates": [ [ [ 14.307974488321921, 47.76365367899615 ], [ 14.305841626294265, 47.759149906353464 ], [ 14.310781246982753, 47.755895487905526 ], [ 14.31785386200106, 47.757144673515576 ], [ 14.319987462962033, 47.761648417547143 ], [ 14.315047710033918, 47.764903004599176 ], [ 14.307974488321921, 47.76365367899615 ] ] ] } },
{ "type": "Feature", "properties": { "index": "881e140443fffff" }, "geometry": { "type": "Polygon", "coordinates": [ [ [ 14.42809743745465, 47.74353881157613 ], [ 14.425957195384211, 47.739035330926754 ], [ 14.430892364227786, 47.735774142429747 ], [ 14.437967903348902, 47.737016265682513 ], [ 14.440108882284697, 47.741519716414025 ], [ 14.435173585296988, 47.744781073829962 ], [ 14.42809743745465, 47.74353881157613 ] ] ] } },
{ "type": "Feature", "properties": { "index": "881e1402d9fffff" }, "geometry": { "type": "Polygon", "coordinates": [ [ [ 14.278328219157332, 47.783171203781237 ], [ 14.276196774274185, 47.778668112089029 ], [ 14.281138431309923, 47.775416066695279 ], [ 14.288211666592142, 47.776666944466214 ], [ 14.290343851198738, 47.781170007818822 ], [ 14.28540206086211, 47.784422221759506 ], [ 14.278328219157332, 47.783171203781237 ] ] ] } },
{ "type": "Feature", "properties": { "index": "881e141483fffff" }, "geometry": { "type": "Polygon", "coordinates": [ [ [ 14.406541616707004, 47.83463508714204 ], [ 14.404400242472599, 47.830136067823332 ], [ 14.409341878725476, 47.826880301578136 ], [ 14.416425018450944, 47.828123385674942 ], [ 14.418567131616507, 47.832622375004249 ], [ 14.41362536618858, 47.835878310245519 ], [ 14.406541616707004, 47.83463508714204 ] ] ] } },
{ "type": "Feature", "properties": { "index": "881e1415b5fffff" }, "geometry": { "type": "Polygon", "coordinates": [ [ [ 14.338404911844924, 47.773151385430985 ], [ 14.336269770402552, 47.768648436744634 ], [ 14.341209211182758, 47.765393003658424 ], [ 14.348283924720475, 47.766640350571336 ], [ 14.350419804856369, 47.771143270264282 ], [ 14.345480232823682, 47.774398872057063 ], [ 14.338404911844924, 47.773151385430985 ] ] ] } },
{ "type": "Feature", "properties": { "index": "881e140667fffff" }, "geometry": { "type": "Polygon", "coordinates": [ [ [ 14.38366346519606, 47.772870718599599 ], [ 14.381525337903064, 47.768368255654295 ], [ 14.386463573868319, 47.765110622016579 ], [ 14.393540066923128, 47.766355282507213 ], [ 14.395678932271656, 47.77085771594146 ], [ 14.390740566572703, 47.774115518415513 ], [ 14.38366346519606, 47.772870718599599 ] ] ] } },
{ "type": "Feature", "properties": { "index": "881e141563fffff" }, "geometry": { "type": "Polygon", "coordinates": [ [ [ 14.224632740696505, 47.806664587831399 ], [ 14.222504197090322, 47.802162122275611 ], [ 14.227448770858176, 47.798913807726386 ], [ 14.234522023477371, 47.800167790327961 ], [ 14.23665130800668, 47.804670228077363 ], [ 14.231706599055931, 47.807918711051023 ], [ 14.224632740696505, 47.806664587831399 ] ] ] } },
{ "type": "Feature", "properties": { "index": "881e14044dfffff" }, "geometry": { "type": "Polygon", "coordinates": [ [ [ 14.404074075689527, 47.747572851976265 ], [ 14.401935307972511, 47.743069311882962 ], [ 14.40687137056857, 47.739809476812987 ], [ 14.413946329907906, 47.741053012998975 ], [ 14.416085834905353, 47.745556523435603 ], [ 14.411149643345917, 47.748816527362237 ], [ 14.404074075689527, 47.747572851976265 ] ] ] } },
{ "type": "Feature", "properties": { "index": "881e1406b1fffff" }, "geometry": { "type": "Polygon", "coordinates": [ [ [ 14.515824906014096, 47.750651575016569 ], [ 14.51367867154338, 47.74614944387168 ], [ 14.518611976031252, 47.742884365774238 ], [ 14.52569164027668, 47.744121249665085 ], [ 14.527838610512243, 47.748623349863678 ], [ 14.522905180800914, 47.751888597137018 ], [ 14.515824906014096, 47.750651575016569 ] ] ] } },
{ "type": "Feature", "properties": { "index": "881e14158dfffff" }, "geometry": { "type": "Polygon", "coordinates": [ [ [ 14.317970155065698, 47.798426048745618 ], [ 14.315835658528757, 47.793924178496006 ], [ 14.3207772709693, 47.790670949576565 ], [ 14.327853512034434, 47.791919422240561 ], [ 14.329988748039664, 47.796421263642259 ], [ 14.325047003574149, 47.79967466124728 ], [ 14.317970155065698, 47.798426048745618 ] ] ] } },
{ "type": "Feature", "properties": { "index": "881e1414ddfffff" }, "geometry": { "type": "Polygon", "coordinates": [ [ [ 14.398137564602157, 47.857894170453974 ], [ 14.39599609239532, 47.853396261046456 ], [ 14.400939459790662, 47.850142021770957 ], [ 14.408024428992578, 47.851385522914129 ], [ 14.410166640700275, 47.855883402346407 ], [ 14.405223143768328, 47.859137810630152 ], [ 14.398137564602157, 47.857894170453974 ] ] ] } },
{ "type": "Feature", "properties": { "index": "881e141507fffff" }, "geometry": { "type": "Polygon", "coordinates": [ [ [ 14.248669734276598, 47.802674484007262 ], [ 14.246539709029056, 47.798172074195143 ], [ 14.25148340102314, 47.794922403370428 ], [ 14.258557252690421, 47.796174973887901 ], [ 14.260688018451125, 47.800677355631876 ], [ 14.25574419209376, 47.80392719494597 ], [ 14.248669734276598, 47.802674484007262 ] ] ] } },
{ "type": "Feature", "properties": { "index": "881e1410bbfffff" }, "geometry": { "type": "Polygon", "coordinates": [ [ [ 14.188576203076568, 47.812639361094838 ], [ 14.186449883467207, 47.808136812905403 ], [ 14.191395776706855, 47.804890533298533 ], [ 14.198468126030127, 47.806146633574201 ], [ 14.200595187176139, 47.810649154350031 ], [ 14.195649157524379, 47.813895602283289 ], [ 14.188576203076568, 47.812639361094838 ] ] ] } },
{ "type": "Feature", "properties": { "index": "881e1404e1fffff" }, "geometry": { "type": "Polygon", "coordinates": [ [ [ 14.484511198547319, 47.71214973966201 ], [ 14.482368111637939, 47.707645273729035 ], [ 14.487299761477241, 47.70437985775753 ], [ 14.494374624436755, 47.705618738707095 ], [ 14.496518446812088, 47.710123174184858 ], [ 14.491586670825104, 47.713388759187573 ], [ 14.484511198547319, 47.71214973966201 ] ] ] } },
{ "type": "Feature", "properties": { "index": "881e14159dfffff" }, "geometry": { "type": "Polygon", "coordinates": [ [ [ 14.351221376186592, 47.800163707234468 ], [ 14.349084630040624, 47.795662293189189 ], [ 14.354025485148686, 47.792407540180179 ], [ 14.361103217380908, 47.793654032451371 ], [ 14.363240702564889, 47.798155417261576 ], [ 14.35829971654144, 47.801410339055053 ], [ 14.351221376186592, 47.800163707234468 ] ] ] } },
{ "type": "Feature", "properties": { "index": "881e14068bfffff" }, "geometry": { "type": "Polygon", "coordinates": [ [ [ 14.507460445182451, 47.773947944325492 ], [ 14.50531410774064, 47.769446920517836 ], [ 14.510249140734446, 47.766183364485187 ], [ 14.517330636814407, 47.76742066309172 ], [ 14.519477710588856, 47.771921655968065 ], [ 14.514542552014122, 47.775185381188471 ], [ 14.507460445182451, 47.773947944325492 ] ] ] } },
{ "type": "Feature", "properties": { "index": "881e1415b3fffff" }, "geometry": { "type": "Polygon", "coordinates": [ [ [ 14.359632070360318, 47.776892572019335 ], [ 14.357495419799552, 47.772390050443754 ], [ 14.362434546899898, 47.769133771296794 ], [ 14.36951045517729, 47.77037984497138 ], [ 14.371647844207649, 47.77488233729715 ], [ 14.366708586553813, 47.778138785217529 ], [ 14.359632070360318, 47.776892572019335 ] ] ] } },
{ "type": "Feature", "properties": { "index": "881e140243fffff" }, "geometry": { "type": "Polygon", "coordinates": [ [ [ 14.175822284664877, 47.785620244684374 ], [ 14.173697564443248, 47.781116165956895 ], [ 14.178642033214606, 47.777869202857957 ], [ 14.185711359011933, 47.779126150258499 ], [ 14.187836820420008, 47.783630201814844 ], [ 14.18289221490631, 47.786877333161279 ], [ 14.175822284664877, 47.785620244684374 ] ] ] } },
{ "type": "Feature", "properties": { "index": "881e14156bfffff" }, "geometry": { "type": "Polygon", "coordinates": [ [ [ 14.221816164469395, 47.81441448885414 ], [ 14.219687591086743, 47.809912392528737 ], [ 14.224632740696505, 47.806664587831399 ], [ 14.231706599055931, 47.807918711051023 ], [ 14.233835913551371, 47.812420779574872 ], [ 14.228890628636867, 47.815668752700105 ], [ 14.221816164469395, 47.81441448885414 ] ] ] } },
{ "type": "Feature", "properties": { "index": "881e140659fffff" }, "geometry": { "type": "Polygon", "coordinates": [ [ [ 14.426962725920873, 47.809353439718535 ], [ 14.424820711638475, 47.804853341313397 ], [ 14.429760169897307, 47.801595371529054 ], [ 14.43684177090509, 47.802837331153945 ], [ 14.438984523341299, 47.807337399424817 ], [ 14.434044936679058, 47.810595538224405 ], [ 14.426962725920873, 47.809353439718535 ] ] ] } },
{ "type": "Feature", "properties": { "index": "881e1404a5fffff" }, "geometry": { "type": "Polygon", "coordinates": [ [ [ 14.49287526329193, 47.688837468063738 ], [ 14.49073227809404, 47.684331897225491 ], [ 14.495662202465567, 47.681064960662709 ], [ 14.502735237888629, 47.682303425937071 ], [ 14.504878957986071, 47.686808966304525 ], [ 14.499948907824061, 47.690076071887681 ], [ 14.49287526329193, 47.688837468063738 ] ] ] } },
{ "type": "Feature", "properties": { "index": "881e140687fffff" }, "geometry": { "type": "Polygon", "coordinates": [ [ [ 14.501022237718816, 47.760444103668483 ], [ 14.498876705050261, 47.755942310733055 ], [ 14.503811036015295, 47.752678416393906 ], [ 14.510891025464955, 47.753916145860074 ], [ 14.513037294296737, 47.75841790798458 ], [ 14.508102837578971, 47.761681971473138 ], [ 14.501022237718816, 47.760444103668483 ] ] ] } },
{ "type": "Feature", "properties": { "index": "881e141583fffff" }, "geometry": { "type": "Polygon", "coordinates": [ [ [ 14.342007191752247, 47.794415094115962 ], [ 14.339871216485161, 47.789913281692925 ], [ 14.344811940388421, 47.786658697433033 ], [ 14.351888770826321, 47.787905756866458 ], [ 14.354025485148686, 47.792407540180179 ], [ 14.349084630040624, 47.795662293189189 ], [ 14.342007191752247, 47.794415094115962 ] ] ] } },
{ "type": "Feature", "properties": { "index": "881e141587fffff" }, "geometry": { "type": "Polygon", "coordinates": [ [ [ 14.332794680418401, 47.788665515614909 ], [ 14.330659475895901, 47.784163305026638 ], [ 14.335600068305142, 47.7809088894805 ], [ 14.342675996793572, 47.782156515828284 ], [ 14.344811940388421, 47.786658697433033 ], [ 14.339871216485161, 47.789913281692925 ], [ 14.332794680418401, 47.788665515614909 ] ] ] } },
{ "type": "Feature", "properties": { "index": "881e1402ddfffff" }, "geometry": { "type": "Polygon", "coordinates": [ [ [ 14.269123836532517, 47.777416528323776 ], [ 14.266993162039231, 47.772913039481793 ], [ 14.271934685485773, 47.769661162599355 ], [ 14.279007017077191, 47.770912606067007 ], [ 14.281138431309923, 47.775416066695279 ], [ 14.276196774274185, 47.778668112089029 ], [ 14.269123836532517, 47.777416528323776 ] ] ] } },
{ "type": "Feature", "properties": { "index": "881e140255fffff" }, "geometry": { "type": "Polygon", "coordinates": [ [ [ 14.187836820420008, 47.783630201814844 ], [ 14.185711359011933, 47.779126150258499 ], [ 14.190655389171773, 47.775878509046876 ], [ 14.197725017134855, 47.77713475113076 ], [ 14.199851219525508, 47.781638775385005 ], [ 14.194907053032559, 47.784886584876965 ], [ 14.187836820420008, 47.783630201814844 ] ] ] } },
{ "type": "Feature", "properties": { "index": "881e14a949fffff" }, "geometry": { "type": "Polygon", "coordinates": [ [ [ 14.458281368557321, 47.847826466821715 ], [ 14.45613620093051, 47.843328708594306 ], [ 14.461077325389013, 47.84007107957796 ], [ 14.468163745017248, 47.841311039644985 ], [ 14.470309651101781, 47.845808767245295 ], [ 14.465368399163712, 47.849066565425034 ], [ 14.458281368557321, 47.847826466821715 ] ] ] } },
{ "type": "Feature", "properties": { "index": "881e1415d7fffff" }, "geometry": { "type": "Polygon", "coordinates": [ [ [ 14.348416722793587, 47.807918996015637 ], [ 14.346279944862154, 47.80341795133036 ], [ 14.351221376186592, 47.800163707234468 ], [ 14.35829971654144, 47.801410339055053 ], [ 14.360437233700518, 47.805911354510116 ], [ 14.3554956713399, 47.809165767394191 ], [ 14.348416722793587, 47.807918996015637 ] ] ] } },
{ "type": "Feature", "properties": { "index": "881e1404d7fffff" }, "geometry": { "type": "Polygon", "coordinates": [ [ [ 14.536194636731562, 47.725317158281626 ], [ 14.534047770370302, 47.720813951590223 ], [ 14.538978896434363, 47.717546676328446 ], [ 14.546057013379803, 47.71878243858275 ], [ 14.548204614729304, 47.723285614182288 ], [ 14.543273364208511, 47.72655305863865 ], [ 14.536194636731562, 47.725317158281626 ] ] ] } },
{ "type": "Feature", "properties": { "index": "881e14045bfffff" }, "geometry": { "type": "Polygon", "coordinates": [ [ [ 14.458546921968255, 47.753007964503261 ], [ 14.45640440290793, 47.748505311629387 ], [ 14.461339379420501, 47.745243108594586 ], [ 14.468417002210712, 47.746483389433891 ], [ 14.470560257890623, 47.750986012008511 ], [ 14.465625154223888, 47.754248384062407 ], [ 14.458546921968255, 47.753007964503261 ] ] ] } },
{ "type": "Feature", "properties": { "index": "881e1406a5fffff" }, "geometry": { "type": "Polygon", "coordinates": [ [ [ 14.473351529971632, 47.743220509807671 ], [ 14.471208307970851, 47.738717518376809 ], [ 14.476142259933132, 47.735454131279269 ], [ 14.483219560584214, 47.736693566585799 ], [ 14.485363518807022, 47.74119652758187 ], [ 14.480429440219906, 47.744460083725507 ], [ 14.473351529971632, 47.743220509807671 ] ] ] } },
{ "type": "Feature", "properties": { "index": "881e140403fffff" }, "geometry": { "type": "Polygon", "coordinates": [ [ [ 14.445695824720282, 47.725988208479755 ], [ 14.443554912195951, 47.721484020466541 ], [ 14.448488482542569, 47.718221140300322 ], [ 14.455563092971781, 47.719462279224032 ], [ 14.457704741775521, 47.723966437178738 ], [ 14.452771043933643, 47.727229486287541 ], [ 14.445695824720282, 47.725988208479755 ] ] ] } },
{ "type": "Feature", "properties": { "index": "881e140619fffff" }, "geometry": { "type": "Polygon", "coordinates": [ [ [ 14.444576495194605, 47.791819090736297 ], [ 14.442433809248788, 47.787318283548615 ], [ 14.447371666300549, 47.784058619906475 ], [ 14.454452337114102, 47.785299594433013 ], [ 14.456595760626287, 47.789800371346253 ], [ 14.451657775821719, 47.793060204026737 ], [ 14.444576495194605, 47.791819090736297 ] ] ] } },
{ "type": "Feature", "properties": { "index": "881e141535fffff" }, "geometry": { "type": "Polygon", "coordinates": [ [ [ 14.254296522198157, 47.787169444058861 ], [ 14.252166557377977, 47.782666296079952 ], [ 14.257109097946694, 47.779415606264145 ], [ 14.264181737518085, 47.780667895964193 ], [ 14.266312442472371, 47.785171015865181 ], [ 14.26136976778349, 47.788421874163461 ], [ 14.254296522198157, 47.787169444058861 ] ] ] } },
{ "type": "Feature", "properties": { "index": "881e1414abfffff" }, "geometry": { "type": "Polygon", "coordinates": [ [ [ 14.388094844505247, 47.82314849667825 ], [ 14.385955013502638, 47.818648678268168 ], [ 14.390896390533982, 47.815393249909441 ], [ 14.397977728386875, 47.816637471054577 ], [ 14.400118298356929, 47.821137259726669 ], [ 14.395176791569657, 47.824392857010999 ], [ 14.388094844505247, 47.82314849667825 ] ] ] } },
{ "type": "Feature", "properties": { "index": "881e14048dfffff" }, "geometry": { "type": "Polygon", "coordinates": [ [ [ 14.505738796952654, 47.715865523547365 ], [ 14.503594205112968, 47.71136148713191 ], [ 14.508525531456154, 47.708095226105783 ], [ 14.51560157515012, 47.709332832418411 ], [ 14.517746902227451, 47.713836838122901 ], [ 14.512815450436406, 47.717103268245012 ], [ 14.505738796952654, 47.715865523547365 ] ] ] } },
{ "type": "Feature", "properties": { "index": "881e140631fffff" }, "geometry": { "type": "Polygon", "coordinates": [ [ [ 14.431724399483231, 47.764810404355913 ], [ 14.429583321212778, 47.760308060238309 ], [ 14.4345197698298, 47.75704771849388 ], [ 14.441597424874146, 47.758289551925294 ], [ 14.443739240369744, 47.7627918660096 ], [ 14.43880266365891, 47.766052376715102 ], [ 14.431724399483231, 47.764810404355913 ] ] ] } },
{ "type": "Feature", "properties": { "index": "881e140601fffff" }, "geometry": { "type": "Polygon", "coordinates": [ [ [ 14.4141146604751, 47.782349004852406 ], [ 14.411974253981901, 47.777847369044522 ], [ 14.416912302102299, 47.774588720500262 ], [ 14.423990885522803, 47.775831538845658 ], [ 14.426132029827777, 47.780333144760696 ], [ 14.421193852963489, 47.783591962242518 ], [ 14.4141146604751, 47.782349004852406 ] ] ] } },
{ "type": "Feature", "properties": { "index": "881e141481fffff" }, "geometry": { "type": "Polygon", "coordinates": [ [ [ 14.394515945609559, 47.836646413549538 ], [ 14.392375310514332, 47.832147364371885 ], [ 14.397317394121282, 47.828892275981502 ], [ 14.404400242472599, 47.830136067823332 ], [ 14.406541616707004, 47.83463508714204 ], [ 14.401599403513993, 47.837890344497261 ], [ 14.394515945609559, 47.836646413549538 ] ] ] } },
{ "type": "Feature", "properties": { "index": "881e140613fffff" }, "geometry": { "type": "Polygon", "coordinates": [ [ [ 14.459389745476553, 47.782039253676508 ], [ 14.457246355455602, 47.777538107447256 ], [ 14.462183187483225, 47.774277258715351 ], [ 14.469263536817591, 47.775517387166722 ], [ 14.471407664006939, 47.780018502986152 ], [ 14.466470704756723, 47.783279520783367 ], [ 14.459389745476553, 47.782039253676508 ] ] ] } },
{ "type": "Feature", "properties": { "index": "881e141599fffff" }, "geometry": { "type": "Polygon", "coordinates": [ [ [ 14.360437233700518, 47.805911354510116 ], [ 14.35829971654144, 47.801410339055053 ], [ 14.363240702564889, 47.798155417261576 ], [ 14.370319336436063, 47.799401342122742 ], [ 14.372457592615723, 47.803902328216957 ], [ 14.367516475966484, 47.807157418830251 ], [ 14.360437233700518, 47.805911354510116 ] ] ] } },
{ "type": "Feature", "properties": { "index": "881e140259fffff" }, "geometry": { "type": "Polygon", "coordinates": [ [ [ 14.194214803894999, 47.797140826287311 ], [ 14.192088542817267, 47.792637539882378 ], [ 14.197033284786155, 47.789390240252359 ], [ 14.204104424062779, 47.79064605872707 ], [ 14.20623142629794, 47.795149317708685 ], [ 14.2012865481612, 47.798396785658397 ], [ 14.194214803894999, 47.797140826287311 ] ] ] } },
{ "type": "Feature", "properties": { "index": "881e14029dfffff" }, "geometry": { "type": "Polygon", "coordinates": [ [ [ 14.286757220963228, 47.759903158491817 ], [ 14.284625868146614, 47.755398960266916 ], [ 14.289565798753877, 47.752145387758553 ], [ 14.296637215177554, 47.753395844957815 ], [ 14.298769307149527, 47.757900014828209 ], [ 14.293829243604916, 47.761153755873238 ], [ 14.286757220963228, 47.759903158491817 ] ] ] } },
{ "type": "Feature", "properties": { "index": "881e14040dfffff" }, "geometry": { "type": "Polygon", "coordinates": [ [ [ 14.421677514059869, 47.730027602432266 ], [ 14.419538074717535, 47.725523354693621 ], [ 14.42447253971272, 47.722261827389147 ], [ 14.431546572427262, 47.723504378961991 ], [ 14.433686748464419, 47.728008596903216 ], [ 14.428752155155143, 47.731270293088322 ], [ 14.421677514059869, 47.730027602432266 ] ] ] } },
{ "type": "Feature", "properties": { "index": "881e14ab21fffff" }, "geometry": { "type": "Polygon", "coordinates": [ [ [ 14.443455236281071, 47.857596641167149 ], [ 14.441310773979575, 47.853099222576667 ], [ 14.446252925187826, 47.849842780136044 ], [ 14.453339666772139, 47.851083587168532 ], [ 14.455484867930346, 47.85558097526696 ], [ 14.450542588710892, 47.858837586844309 ], [ 14.443455236281071, 47.857596641167149 ] ] ] } },
{ "type": "Feature", "properties": { "index": "881e1405d7fffff" }, "geometry": { "type": "Polygon", "coordinates": [ [ [ 14.471656692204649, 47.685119109174835 ], [ 14.469515211031577, 47.680613109659824 ], [ 14.474445457763187, 47.677347017804649 ], [ 14.481517312220202, 47.678586756528198 ], [ 14.483659528520455, 47.683092725828232 ], [ 14.478729155299547, 47.686358986638986 ], [ 14.471656692204649, 47.685119109174835 ] ] ] } },
{ "type": "Feature", "properties": { "index": "881e141505fffff" }, "geometry": { "type": "Polygon", "coordinates": [ [ [ 14.23665130800668, 47.804670228077363 ], [ 14.234522023477371, 47.800167790327961 ], [ 14.23946615657087, 47.796918797605606 ], [ 14.246539709029056, 47.798172074195143 ], [ 14.248669734276598, 47.802674484007262 ], [ 14.243725466410007, 47.805923645186567 ], [ 14.23665130800668, 47.804670228077363 ] ] ] } },
{ "type": "Feature", "properties": { "index": "881e140481fffff" }, "geometry": { "type": "Polygon", "coordinates": [ [ [ 14.517746902227451, 47.713836838122901 ], [ 14.51560157515012, 47.709332832418411 ], [ 14.520532451428222, 47.70606589544353 ], [ 14.527608779885293, 47.707302795065992 ], [ 14.529754841991377, 47.711806769929112 ], [ 14.524823840674916, 47.715073876030395 ], [ 14.517746902227451, 47.713836838122901 ] ] ] } },
{ "type": "Feature", "properties": { "index": "881e1415a9fffff" }, "geometry": { "type": "Polygon", "coordinates": [ [ [ 14.311567467463625, 47.784919670872242 ], [ 14.309433772846841, 47.780417033604287 ], [ 14.314374677133944, 47.777163464307129 ], [ 14.321449408293301, 47.77841236365083 ], [ 14.32358384220556, 47.782914972191776 ], [ 14.318642805725572, 47.786168710135456 ], [ 14.311567467463625, 47.784919670872242 ] ] ] } },
{ "type": "Feature", "properties": { "index": "881e1415e9fffff" }, "geometry": { "type": "Polygon", "coordinates": [ [ [ 14.293932525553435, 47.802431465631784 ], [ 14.29179950857147, 47.797929538078456 ], [ 14.296742007852401, 47.794677664786789 ], [ 14.303817657022829, 47.795927550446194 ], [ 14.30595141388531, 47.800429449413052 ], [ 14.301008781759359, 47.803681491326408 ], [ 14.293932525553435, 47.802431465631784 ] ] ] } },
{ "type": "Feature", "properties": { "index": "881e14ab27fffff" }, "geometry": { "type": "Polygon", "coordinates": [ [ [ 14.446252925187826, 47.849842780136044 ], [ 14.444108496227777, 47.845344991411885 ], [ 14.449050070121938, 47.842088040197595 ], [ 14.45613620093051, 47.843328708594306 ], [ 14.458281368557321, 47.847826466821715 ], [ 14.453339666772139, 47.851083587168532 ], [ 14.446252925187826, 47.849842780136044 ] ] ] } },
{ "type": "Feature", "properties": { "index": "881e1410b1fffff" }, "geometry": { "type": "Polygon", "coordinates": [ [ [ 14.179377836502043, 47.806880006859664 ], [ 14.1772522876902, 47.802377062229269 ], [ 14.182198044230285, 47.799130950912591 ], [ 14.18926948634387, 47.8003876159556 ], [ 14.191395776706855, 47.804890533298533 ], [ 14.186449883467207, 47.808136812905403 ], [ 14.179377836502043, 47.806880006859664 ] ] ] } },
{ "type": "Feature", "properties": { "index": "881e14a925fffff" }, "geometry": { "type": "Polygon", "coordinates": [ [ [ 14.453801232787455, 47.797560611532234 ], [ 14.451657775821719, 47.793060204026737 ], [ 14.456595760626287, 47.789800371346253 ], [ 14.463677329921985, 47.791040777117416 ], [ 14.465821524435116, 47.795541154222938 ], [ 14.4608834121684, 47.798801155976584 ], [ 14.453801232787455, 47.797560611532234 ] ] ] } },
{ "type": "Feature", "properties": { "index": "881e1404a7fffff" }, "geometry": { "type": "Polygon", "coordinates": [ [ [ 14.504878957986071, 47.686808966304525 ], [ 14.502735237888629, 47.682303425937071 ], [ 14.507664712989842, 47.679035813696842 ], [ 14.514738033633114, 47.680273572792458 ], [ 14.516882488421668, 47.684779082558642 ], [ 14.511952887939012, 47.688046863849749 ], [ 14.504878957986071, 47.686808966304525 ] ] ] } },
{ "type": "Feature", "properties": { "index": "881e1402d5fffff" }, "geometry": { "type": "Polygon", "coordinates": [ [ [ 14.271934685485773, 47.769661162599355 ], [ 14.269804041491966, 47.765157304908158 ], [ 14.274744989477117, 47.76190491888385 ], [ 14.281816714986336, 47.763156222062264 ], [ 14.283948098530228, 47.767660051534797 ], [ 14.279007017077191, 47.770912606067007 ], [ 14.271934685485773, 47.769661162599355 ] ] ] } },
{ "type": "Feature", "properties": { "index": "881e140433fffff" }, "geometry": { "type": "Polygon", "coordinates": [ [ [ 14.46328714705227, 47.708430132522764 ], [ 14.461145565188332, 47.703925237666162 ], [ 14.466077536993613, 47.700660666728076 ], [ 14.47315121757293, 47.701900821699674 ], [ 14.475293535130431, 47.706405686356931 ], [ 14.470361436478132, 47.709670426261241 ], [ 14.46328714705227, 47.708430132522764 ] ] ] } },
{ "type": "Feature", "properties": { "index": "881e141565fffff" }, "geometry": { "type": "Polygon", "coordinates": [ [ [ 14.203413579871214, 47.802899675582879 ], [ 14.2012865481612, 47.798396785658397 ], [ 14.20623142629794, 47.795149317708685 ], [ 14.21330347208726, 47.796404571347146 ], [ 14.215431244939987, 47.800907433722216 ], [ 14.21048623092287, 47.804155070027697 ], [ 14.203413579871214, 47.802899675582879 ] ] ] } },
{ "type": "Feature", "properties": { "index": "881e1414d7fffff" }, "geometry": { "type": "Polygon", "coordinates": [ [ [ 14.412967348649143, 47.848130605544675 ], [ 14.410825169750863, 47.8436323560556 ], [ 14.415767512239437, 47.840376929700284 ], [ 14.422852162694193, 47.841619583818058 ], [ 14.424995080695124, 47.846117803196762 ], [ 14.420052609201811, 47.849373398587439 ], [ 14.412967348649143, 47.848130605544675 ] ] ] } },
{ "type": "Feature", "properties": { "index": "881e140653fffff" }, "geometry": { "type": "Polygon", "coordinates": [ [ [ 14.441780780923212, 47.79957868397311 ], [ 14.439638061713337, 47.795078246198031 ], [ 14.444576495194605, 47.791819090736297 ], [ 14.451657775821719, 47.793060204026737 ], [ 14.453801232787455, 47.797560611532234 ], [ 14.44886267143344, 47.800819936036248 ], [ 14.441780780923212, 47.79957868397311 ] ] ] } },
{ "type": "Feature", "properties": { "index": "881e14075dfffff" }, "geometry": { "type": "Polygon", "coordinates": [ [ [ 14.353222920978109, 47.763384240162615 ], [ 14.351087072628891, 47.75888095156337 ], [ 14.356025493218269, 47.755624332639165 ], [ 14.363099892941731, 47.756870833598946 ], [ 14.365236479588606, 47.761374093069115 ], [ 14.360297928277072, 47.764630880727971 ], [ 14.353222920978109, 47.763384240162615 ] ] ] } },
{ "type": "Feature", "properties": { "index": "881e1406a9fffff" }, "geometry": { "type": "Polygon", "coordinates": [ [ [ 14.479782803727815, 47.756727947747997 ], [ 14.477638777805845, 47.752225724546456 ], [ 14.482573432311035, 47.748962675870388 ], [ 14.489652239255083, 47.750201681330743 ], [ 14.49179700156882, 47.754703873977121 ], [ 14.48686222060995, 47.757967091737584 ], [ 14.479782803727815, 47.756727947747997 ] ] ] } },
{ "type": "Feature", "properties": { "index": "881e1406c3fffff" }, "geometry": { "type": "Polygon", "coordinates": [ [ [ 14.492652590115998, 47.783735905257466 ], [ 14.490506955156485, 47.779235219950081 ], [ 14.49544301491402, 47.775972848293023 ], [ 14.502524835805135, 47.777210992801372 ], [ 14.504671207495912, 47.781711647312726 ], [ 14.499735021627634, 47.784974188131052 ], [ 14.492652590115998, 47.783735905257466 ] ] ] } },
{ "type": "Feature", "properties": { "index": "881e14061dfffff" }, "geometry": { "type": "Polygon", "coordinates": [ [ [ 14.435353427533228, 47.786076601659275 ], [ 14.433211512474378, 47.781575395001724 ], [ 14.438149241482773, 47.778315900363083 ], [ 14.445229013656494, 47.779557443397827 ], [ 14.447371666300549, 47.784058619906475 ], [ 14.442433809248788, 47.787318283548615 ], [ 14.435353427533228, 47.786076601659275 ] ] ] } },
{ "type": "Feature", "properties": { "index": "881e140607fffff" }, "geometry": { "type": "Polygon", "coordinates": [ [ [ 14.416912302102299, 47.774588720500262 ], [ 14.414771928418054, 47.770086715540209 ], [ 14.419709400468975, 47.766827558804003 ], [ 14.426787374890935, 47.768070238113452 ], [ 14.428928486197512, 47.772572213175692 ], [ 14.423990885522803, 47.775831538845658 ], [ 14.416912302102299, 47.774588720500262 ] ] ] } },
{ "type": "Feature", "properties": { "index": "881e141091fffff" }, "geometry": { "type": "Polygon", "coordinates": [ [ [ 14.194956762400155, 47.826145473799066 ], [ 14.192829642498724, 47.82164369159468 ], [ 14.197776248067553, 47.818397753819063 ], [ 14.204850109846687, 47.819653429901358 ], [ 14.206977971459866, 47.824155184570813 ], [ 14.20203122964436, 47.827401290712437 ], [ 14.194956762400155, 47.826145473799066 ] ] ] } },
{ "type": "Feature", "properties": { "index": "881e14049dfffff" }, "geometry": { "type": "Polygon", "coordinates": [ [ [ 14.538978896434363, 47.717546676328446 ], [ 14.536832064772296, 47.713043100990831 ], [ 14.541762615192964, 47.70977531898523 ], [ 14.548840121677067, 47.711010943145759 ], [ 14.55098768813842, 47.7155144873864 ], [ 14.546057013379803, 47.71878243858275 ], [ 14.538978896434363, 47.717546676328446 ] ] ] } },
{ "type": "Feature", "properties": { "index": "881e1406e9fffff" }, "geometry": { "type": "Polygon", "coordinates": [ [ [ 14.462183187483225, 47.774277258715351 ], [ 14.460039830991152, 47.769775743261867 ], [ 14.464976086791234, 47.766514386655196 ], [ 14.472055826249495, 47.767754376459933 ], [ 14.474199919720593, 47.772255861498657 ], [ 14.469263536817591, 47.775517387166722 ], [ 14.462183187483225, 47.774277258715351 ] ] ] } },
{ "type": "Feature", "properties": { "index": "881e1406bdfffff" }, "geometry": { "type": "Polygon", "coordinates": [ [ [ 14.503811036015295, 47.752678416393906 ], [ 14.501665537518557, 47.748176254433083 ], [ 14.50659929243416, 47.744911852735065 ], [ 14.51367867154338, 47.74614944387168 ], [ 14.515824906014096, 47.750651575016569 ], [ 14.510891025464955, 47.753916145860074 ], [ 14.503811036015295, 47.752678416393906 ] ] ] } },
{ "type": "Feature", "properties": { "index": "881e14153bfffff" }, "geometry": { "type": "Polygon", "coordinates": [ [ [ 14.272706159475224, 47.798678842962296 ], [ 14.27057465340665, 47.79417648941731 ], [ 14.275517461927455, 47.790925462600811 ], [ 14.282591910122933, 47.792176620794805 ], [ 14.28472415629394, 47.796678946009997 ], [ 14.27978121422953, 47.799930141380422 ], [ 14.272706159475224, 47.798678842962296 ] ] ] } },
{ "type": "Feature", "properties": { "index": "881e1405d3fffff" }, "geometry": { "type": "Polygon", "coordinates": [ [ [ 14.480871405389621, 47.690864587817501 ], [ 14.478729155299547, 47.686358986638986 ], [ 14.483659528520455, 47.683092725828232 ], [ 14.49073227809404, 47.684331897225491 ], [ 14.49287526329193, 47.688837468063738 ], [ 14.487944763871543, 47.692103897864271 ], [ 14.480871405389621, 47.690864587817501 ] ] ] } },
{ "type": "Feature", "properties": { "index": "881e1415e7fffff" }, "geometry": { "type": "Polygon", "coordinates": [ [ [ 14.299550945133682, 47.786922985508951 ], [ 14.297417990018365, 47.782420319644714 ], [ 14.302359337542324, 47.779167427989961 ], [ 14.309433772846841, 47.780417033604287 ], [ 14.311567467463625, 47.784919670872242 ], [ 14.306625987336961, 47.788172731141579 ], [ 14.299550945133682, 47.786922985508951 ] ] ] } },
{ "type": "Feature", "properties": { "index": "881e14a961fffff" }, "geometry": { "type": "Polygon", "coordinates": [ [ [ 14.445414389889486, 47.820836065267464 ], [ 14.443270832789132, 47.816336766534562 ], [ 14.448210547564141, 47.813078458684728 ], [ 14.455293947324652, 47.814319280501977 ], [ 14.457438242541247, 47.818818548849436 ], [ 14.452498399944337, 47.822077025784445 ], [ 14.445414389889486, 47.820836065267464 ] ] ] } },
{ "type": "Feature", "properties": { "index": "881e1415c1fffff" }, "geometry": { "type": "Polygon", "coordinates": [ [ [ 14.31235428867604, 47.813933611669952 ], [ 14.310219729667594, 47.809432480077945 ], [ 14.315162494349675, 47.806180269507266 ], [ 14.322239950369967, 47.807429021855071 ], [ 14.324375249225932, 47.811930124608857 ], [ 14.319432352276756, 47.815182503872464 ], [ 14.31235428867604, 47.813933611669952 ] ] ] } },
{ "type": "Feature", "properties": { "index": "881e14064bfffff" }, "geometry": { "type": "Polygon", "coordinates": [ [ [ 14.405718474580814, 47.80562459192199 ], [ 14.403577969887813, 47.801124064120955 ], [ 14.408517746859365, 47.797866940755341 ], [ 14.415598157691473, 47.79911017626106 ], [ 14.417739400764784, 47.803610674183929 ], [ 14.412799494688755, 47.806867966498629 ], [ 14.405718474580814, 47.80562459192199 ] ] ] } },
{ "type": "Feature", "properties": { "index": "881e140769fffff" }, "geometry": { "type": "Polygon", "coordinates": [ [ [ 14.313587461350844, 47.748136419342174 ], [ 14.311454661573165, 47.74363190930675 ], [ 14.316393131571056, 47.7403764734986 ], [ 14.323464533407019, 47.741625379148019 ], [ 14.325598071739577, 47.74612986056227 ], [ 14.320659469743809, 47.749385464967695 ], [ 14.313587461350844, 47.748136419342174 ] ] ] } },
{ "type": "Feature", "properties": { "index": "881e1414bbfffff" }, "geometry": { "type": "Polygon", "coordinates": [ [ [ 14.421366206925622, 47.824866941647699 ], [ 14.419224126683265, 47.820367582535106 ], [ 14.42416473831201, 47.817110629821961 ], [ 14.431247558890087, 47.818352867217598 ], [ 14.433390377665638, 47.822852196205574 ], [ 14.428449637393086, 47.826109317941906 ], [ 14.421366206925622, 47.824866941647699 ] ] ] } },
{ "type": "Feature", "properties": { "index": "881e1405d1fffff" }, "geometry": { "type": "Polygon", "coordinates": [ [ [ 14.468867385329592, 47.692890325547403 ], [ 14.466725870555434, 47.688384694159147 ], [ 14.471656692204649, 47.685119109174835 ], [ 14.478729155299547, 47.686358986638986 ], [ 14.480871405389621, 47.690864587817501 ], [ 14.475940457131912, 47.694130341760896 ], [ 14.468867385329592, 47.692890325547403 ] ] ] } },
{ "type": "Feature", "properties": { "index": "881e14ab25fffff" }, "geometry": { "type": "Polygon", "coordinates": [ [ [ 14.434224322050378, 47.851857707172123 ], [ 14.432080631965878, 47.847359888081542 ], [ 14.437022654871706, 47.844103614742536 ], [ 14.444108496227777, 47.845344991411885 ], [ 14.446252925187826, 47.849842780136044 ], [ 14.441310773979575, 47.853099222576667 ], [ 14.434224322050378, 47.851857707172123 ] ] ] } },
{ "type": "Feature", "properties": { "index": "881e143a49fffff" }, "geometry": { "type": "Polygon", "coordinates": [ [ [ 14.516882488421668, 47.684779082558642 ], [ 14.514738033633114, 47.680273572792458 ], [ 14.51966705904322, 47.677005284949537 ], [ 14.526740664277417, 47.678242337810744 ], [ 14.528885853548386, 47.682747816845193 ], [ 14.523956703165929, 47.686016273769397 ], [ 14.516882488421668, 47.684779082558642 ] ] ] } },
{ "type": "Feature", "properties": { "index": "881e14159bfffff" }, "geometry": { "type": "Polygon", "coordinates": [ [ [ 14.372457592615723, 47.803902328216957 ], [ 14.370319336436063, 47.799401342122742 ], [ 14.3752598767345, 47.796145742704006 ], [ 14.382338803490931, 47.797390960547581 ], [ 14.38447779848403, 47.8018919171504 ], [ 14.379537127970149, 47.805147685420422 ], [ 14.372457592615723, 47.803902328216957 ] ] ] } },
{ "type": "Feature", "properties": { "index": "881e140297fffff" }, "geometry": { "type": "Polygon", "coordinates": [ [ [ 14.301576703338002, 47.750141595078588 ], [ 14.299444642320898, 47.745637056552823 ], [ 14.304383555203673, 47.742382297939855 ], [ 14.311454661573165, 47.74363190930675 ], [ 14.313587461350844, 47.748136419342174 ], [ 14.308648416060954, 47.751391346520464 ], [ 14.301576703338002, 47.750141595078588 ] ] ] } },
{ "type": "Feature", "properties": { "index": "881e1404c7fffff" }, "geometry": { "type": "Polygon", "coordinates": [ [ [ 14.502951521117495, 47.723634945461868 ], [ 14.500806895108273, 47.71913127761556 ], [ 14.505738796952654, 47.715865523547365 ], [ 14.512815450436406, 47.717103268245012 ], [ 14.514960811872216, 47.721606905385478 ], [ 14.510028784460948, 47.724872828553423 ], [ 14.502951521117495, 47.723634945461868 ] ] ] } },
{ "type": "Feature", "properties": { "index": "881e141509fffff" }, "geometry": { "type": "Polygon", "coordinates": [ [ [ 14.24304076348812, 47.818176008491349 ], [ 14.240910677967729, 47.81367433721207 ], [ 14.245855521813299, 47.810425685777972 ], [ 14.252930585848326, 47.811678537146243 ], [ 14.255061412261142, 47.816180180367049 ], [ 14.25011643380892, 47.819429000297511 ], [ 14.24304076348812, 47.818176008491349 ] ] ] } },
{ "type": "Feature", "properties": { "index": "881e1404abfffff" }, "geometry": { "type": "Polygon", "coordinates": [ [ [ 14.511311724772515, 47.700324053331066 ], [ 14.50916720138386, 47.695819280054913 ], [ 14.514097377046207, 47.692552005417276 ], [ 14.521172201370442, 47.693789334986477 ], [ 14.523317459619017, 47.69829407754132 ], [ 14.518387158746673, 47.70156152126755 ], [ 14.511311724772515, 47.700324053331066 ] ] ] } },
{ "type": "Feature", "properties": { "index": "881e140457fffff" }, "geometry": { "type": "Polygon", "coordinates": [ [ [ 14.452120168342809, 47.73949923796588 ], [ 14.449978452749484, 47.734995817282716 ], [ 14.454912726150956, 47.731733275652651 ], [ 14.461988842533612, 47.732973985744266 ], [ 14.464131294576445, 47.737477376248535 ], [ 14.459196893850148, 47.740740086859411 ], [ 14.452120168342809, 47.73949923796588 ] ] ] } },
{ "type": "Feature", "properties": { "index": "881e140447fffff" }, "geometry": { "type": "Polygon", "coordinates": [ [ [ 14.418881945838978, 47.737792501178795 ], [ 14.416742473650219, 47.733288622045059 ], [ 14.421677514059869, 47.730027602432266 ], [ 14.428752155155143, 47.731270293088322 ], [ 14.430892364227786, 47.735774142429747 ], [ 14.425957195384211, 47.739035330926754 ], [ 14.418881945838978, 47.737792501178795 ] ] ] } },
{ "type": "Feature", "properties": { "index": "881e1415a7fffff" }, "geometry": { "type": "Polygon", "coordinates": [ [ [ 14.317181342251756, 47.769406379801396 ], [ 14.315047710033918, 47.764903004599176 ], [ 14.319987462962033, 47.761648417547143 ], [ 14.327060980121574, 47.762897037077252 ], [ 14.329195351256114, 47.767400383542551 ], [ 14.324255466376993, 47.770655139234059 ], [ 14.317181342251756, 47.769406379801396 ] ] ] } },
{ "type": "Feature", "properties": { "index": "881e141585fffff" }, "geometry": { "type": "Polygon", "coordinates": [ [ [ 14.3207772709693, 47.790670949576565 ], [ 14.318642805725572, 47.786168710135456 ], [ 14.32358384220556, 47.782914972191776 ], [ 14.330659475895901, 47.784163305026638 ], [ 14.332794680418401, 47.788665515614909 ], [ 14.327853512034434, 47.791919422240561 ], [ 14.3207772709693, 47.790670949576565 ] ] ] } },
{ "type": "Feature", "properties": { "index": "881e14151dfffff" }, "geometry": { "type": "Polygon", "coordinates": [ [ [ 14.267081918323134, 47.814182967544959 ], [ 14.264950351223144, 47.809681352513437 ], [ 14.269894311655509, 47.806431344674145 ], [ 14.276969973036815, 47.807682783324793 ], [ 14.279102280618478, 47.812184370036228 ], [ 14.274158186399626, 47.815434546436535 ], [ 14.267081918323134, 47.814182967544959 ] ] ] } },
{ "type": "Feature", "properties": { "index": "881e14a969fffff" }, "geometry": { "type": "Polygon", "coordinates": [ [ [ 14.442617688646015, 47.828592793598972 ], [ 14.440474098242932, 47.824093864639778 ], [ 14.445414389889486, 47.820836065267464 ], [ 14.452498399944337, 47.822077025784445 ], [ 14.454642728653406, 47.826575924362977 ], [ 14.449702309064882, 47.829833892824546 ], [ 14.442617688646015, 47.828592793598972 ] ] ] } },
{ "type": "Feature", "properties": { "index": "881e14153dfffff" }, "geometry": { "type": "Polygon", "coordinates": [ [ [ 14.25148340102314, 47.794922403370428 ], [ 14.249353405970007, 47.79041962442912 ], [ 14.254296522198157, 47.787169444058861 ], [ 14.26136976778349, 47.788421874163461 ], [ 14.263500503160255, 47.792924625031752 ], [ 14.258557252690421, 47.796174973887901 ], [ 14.25148340102314, 47.794922403370428 ] ] ] } },
{ "type": "Feature", "properties": { "index": "881e14062bfffff" }, "geometry": { "type": "Polygon", "coordinates": [ [ [ 14.407694244380538, 47.768843329337798 ], [ 14.405554641183816, 47.764340925545191 ], [ 14.410491984320933, 47.761081937707885 ], [ 14.417569059631525, 47.762325184783641 ], [ 14.419709400468975, 47.766827558804003 ], [ 14.414771928418054, 47.770086715540209 ], [ 14.407694244380538, 47.768843329337798 ] ] ] } },
{ "type": "Feature", "properties": { "index": "881e1405d9fffff" }, "geometry": { "type": "Polygon", "coordinates": [ [ [ 14.466077536993613, 47.700660666728076 ], [ 14.46393598865583, 47.69615540355931 ], [ 14.468867385329592, 47.692890325547403 ], [ 14.475940457131912, 47.694130341760896 ], [ 14.478082740974429, 47.698635574725124 ], [ 14.47315121757293, 47.701900821699674 ], [ 14.466077536993613, 47.700660666728076 ] ] ] } },
{ "type": "Feature", "properties": { "index": "881e141097fffff" }, "geometry": { "type": "Polygon", "coordinates": [ [ [ 14.197776248067553, 47.818397753819063 ], [ 14.195649157524379, 47.813895602283289 ], [ 14.200595187176139, 47.810649154350031 ], [ 14.207668443557772, 47.811904689609477 ], [ 14.209796275622937, 47.816406813605518 ], [ 14.204850109846687, 47.819653429901358 ], [ 14.197776248067553, 47.818397753819063 ] ] ] } },
{ "type": "Feature", "properties": { "index": "881e140639fffff" }, "geometry": { "type": "Polygon", "coordinates": [ [ [ 14.428928486197512, 47.772572213175692 ], [ 14.426787374890935, 47.768070238113452 ], [ 14.431724399483231, 47.764810404355913 ], [ 14.43880266365891, 47.766052376715102 ], [ 14.440944512379964, 47.770554321749046 ], [ 14.436007359573951, 47.773814324471438 ], [ 14.428928486197512, 47.772572213175692 ] ] ] } },
{ "type": "Feature", "properties": { "index": "881e141495fffff" }, "geometry": { "type": "Polygon", "coordinates": [ [ [ 14.418567131616507, 47.832622375004249 ], [ 14.416425018450944, 47.828123385674942 ], [ 14.421366206925622, 47.824866941647699 ], [ 14.428449637393086, 47.826109317941906 ], [ 14.430592489281628, 47.83060827715137 ], [ 14.425651172042873, 47.833864890205845 ], [ 14.418567131616507, 47.832622375004249 ] ] ] } },
{ "type": "Feature", "properties": { "index": "881e1402c3fffff" }, "geometry": { "type": "Polygon", "coordinates": [ [ [ 14.25992112841382, 47.771660890177941 ], [ 14.257791224175291, 47.767157004398925 ], [ 14.262732613744562, 47.763905295992174 ], [ 14.269804041491966, 47.765157304908158 ], [ 14.271934685485773, 47.769661162599355 ], [ 14.266993162039231, 47.772913039481793 ], [ 14.25992112841382, 47.771660890177941 ] ] ] } },
{ "type": "Feature", "properties": { "index": "881e1402c1fffff" }, "geometry": { "type": "Polygon", "coordinates": [ [ [ 14.247907428368107, 47.773659234258893 ], [ 14.245778264089861, 47.769155320522962 ], [ 14.250720094818996, 47.765904289804951 ], [ 14.257791224175291, 47.767157004398925 ], [ 14.25992112841382, 47.771660890177941 ], [ 14.254979163398062, 47.77491208933931 ], [ 14.247907428368107, 47.773659234258893 ] ] ] } },
{ "type": "Feature", "properties": { "index": "881e1406c5fffff" }, "geometry": { "type": "Polygon", "coordinates": [ [ [ 14.471407664006939, 47.780018502986152 ], [ 14.469263536817591, 47.775517387166722 ], [ 14.474199919720593, 47.772255861498657 ], [ 14.481280556688377, 47.7734952825733 ], [ 14.483425420837468, 47.777996367852509 ], [ 14.478488911122286, 47.781258062616622 ], [ 14.471407664006939, 47.780018502986152 ] ] ] } },
{ "type": "Feature", "properties": { "index": "881e140609fffff" }, "geometry": { "type": "Polygon", "coordinates": [ [ [ 14.411316475442456, 47.790108411668143 ], [ 14.409176036178128, 47.785607145104208 ], [ 14.4141146604751, 47.782349004852406 ], [ 14.421193852963489, 47.783591962242518 ], [ 14.423335030229048, 47.788093198918517 ], [ 14.418396277068053, 47.791351508111688 ], [ 14.411316475442456, 47.790108411668143 ] ] ] } },
{ "type": "Feature", "properties": { "index": "881e14065dfffff" }, "geometry": { "type": "Polygon", "coordinates": [ [ [ 14.417739400764784, 47.803610674183929 ], [ 14.415598157691473, 47.79911017626106 ], [ 14.420537487256389, 47.795852375456953 ], [ 14.427618188651619, 47.797094903614834 ], [ 14.429760169897307, 47.801595371529054 ], [ 14.424820711638475, 47.804853341313397 ], [ 14.417739400764784, 47.803610674183929 ] ] ] } },
{ "type": "Feature", "properties": { "index": "881e140499fffff" }, "geometry": { "type": "Polygon", "coordinates": [ [ [ 14.548204614729304, 47.723285614182288 ], [ 14.546057013379803, 47.71878243858275 ], [ 14.55098768813842, 47.7155144873864 ], [ 14.558066088356901, 47.71674954258409 ], [ 14.560214424485121, 47.721252686961449 ], [ 14.555283625679593, 47.724520807382547 ], [ 14.548204614729304, 47.723285614182288 ] ] ] } },
{ "type": "Feature", "properties": { "index": "881e140605fffff" }, "geometry": { "type": "Polygon", "coordinates": [ [ [ 14.404895961148217, 47.776603843706752 ], [ 14.402756325294053, 47.772101808979436 ], [ 14.407694244380538, 47.768843329337798 ], [ 14.414771928418054, 47.770086715540209 ], [ 14.416912302102299, 47.774588720500262 ], [ 14.411974253981901, 47.777847369044522 ], [ 14.404895961148217, 47.776603843706752 ] ] ] } },
{ "type": "Feature", "properties": { "index": "881e140703fffff" }, "geometry": { "type": "Polygon", "coordinates": [ [ [ 14.361629006633258, 47.740101886096966 ], [ 14.359493253872447, 47.735597491330793 ], [ 14.364429948097719, 47.732339347463729 ], [ 14.371502525507301, 47.733585429658092 ], [ 14.373639015998148, 47.738089795280111 ], [ 14.368702191412057, 47.741348107871275 ], [ 14.361629006633258, 47.740101886096966 ] ] ] } },
{ "type": "Feature", "properties": { "index": "881e140645fffff" }, "geometry": { "type": "Polygon", "coordinates": [ [ [ 14.387278897640488, 47.794134683576075 ], [ 14.385139935001595, 47.789633357627856 ], [ 14.390079452893916, 47.786376572055119 ], [ 14.397158063172677, 47.787620943571106 ], [ 14.399297764228058, 47.792122239892464 ], [ 14.394358116651119, 47.795379194344058 ], [ 14.387278897640488, 47.794134683576075 ] ] ] } },
{ "type": "Feature", "properties": { "index": "881e1404d3fffff" }, "geometry": { "type": "Polygon", "coordinates": [ [ [ 14.545421000409016, 47.731055865504658 ], [ 14.543273364208511, 47.72655305863865 ], [ 14.548204614729304, 47.723285614182288 ], [ 14.555283625679593, 47.724520807382547 ], [ 14.55743199684783, 47.729023583031477 ], [ 14.552500622161485, 47.732291196716503 ], [ 14.545421000409016, 47.731055865504658 ] ] ] } },
{ "type": "Feature", "properties": { "index": "881e1406b7fffff" }, "geometry": { "type": "Polygon", "coordinates": [ [ [ 14.518611976031252, 47.742884365774238 ], [ 14.516465775958919, 47.738381865701122 ], [ 14.521398504492955, 47.735116280450853 ], [ 14.528477558267065, 47.736353026121002 ], [ 14.530624493915097, 47.740855495242798 ], [ 14.52569164027668, 47.744121249665085 ], [ 14.518611976031252, 47.742884365774238 ] ] ] } },
{ "type": "Feature", "properties": { "index": "881e140431fffff" }, "geometry": { "type": "Polygon", "coordinates": [ [ [ 14.451280598293991, 47.710453196237282 ], [ 14.449139752331538, 47.705948271311833 ], [ 14.454072172119087, 47.702684376484335 ], [ 14.461145565188332, 47.703925237666162 ], [ 14.46328714705227, 47.708430132522764 ], [ 14.458354600008494, 47.711694196285691 ], [ 14.451280598293991, 47.710453196237282 ] ] ] } },
{ "type": "Feature", "properties": { "index": "881e140295fffff" }, "geometry": { "type": "Polygon", "coordinates": [ [ [ 14.289565798753877, 47.752145387758553 ], [ 14.28743447670292, 47.747640820873258 ], [ 14.292373832047069, 47.744386739527336 ], [ 14.299444642320898, 47.745637056552823 ], [ 14.301576703338002, 47.750141595078588 ], [ 14.296637215177554, 47.753395844957815 ], [ 14.289565798753877, 47.752145387758553 ] ] ] } },
{ "type": "Feature", "properties": { "index": "881e140759fffff" }, "geometry": { "type": "Polygon", "coordinates": [ [ [ 14.362434546899898, 47.769133771296794 ], [ 14.360297928277072, 47.764630880727971 ], [ 14.365236479588606, 47.761374093069115 ], [ 14.37231178001872, 47.762620027228671 ], [ 14.374449136921784, 47.76712288854273 ], [ 14.36951045517729, 47.77037984497138 ], [ 14.362434546899898, 47.769133771296794 ] ] ] } },
{ "type": "Feature", "properties": { "index": "881e141537fffff" }, "geometry": { "type": "Polygon", "coordinates": [ [ [ 14.266312442472371, 47.785171015865181 ], [ 14.264181737518085, 47.780667895964193 ], [ 14.269123836532517, 47.777416528323776 ], [ 14.276196774274185, 47.778668112089029 ], [ 14.278328219157332, 47.783171203781237 ], [ 14.273385986432361, 47.786422739936413 ], [ 14.266312442472371, 47.785171015865181 ] ] ] } },
{ "type": "Feature", "properties": { "index": "881e140753fffff" }, "geometry": { "type": "Polygon", "coordinates": [ [ [ 14.377249885960802, 47.759362562392219 ], [ 14.375112561223034, 47.754859332181809 ], [ 14.380050091469569, 47.751601359038133 ], [ 14.387125076419551, 47.752846447326597 ], [ 14.389263139041345, 47.757349648146601 ], [ 14.384325478891947, 47.76060779008791 ], [ 14.377249885960802, 47.759362562392219 ] ] ] } },
{ "type": "Feature", "properties": { "index": "881e1404d1fffff" }, "geometry": { "type": "Polygon", "coordinates": [ [ [ 14.53340983593999, 47.733086764650963 ], [ 14.531262934916755, 47.728583926698214 ], [ 14.536194636731562, 47.725317158281626 ], [ 14.543273364208511, 47.72655305863865 ], [ 14.545421000409016, 47.731055865504658 ], [ 14.540489174018717, 47.734322803119674 ], [ 14.53340983593999, 47.733086764650963 ] ] ] } },
{ "type": "Feature", "properties": { "index": "881e141503fffff" }, "geometry": { "type": "Polygon", "coordinates": [ [ [ 14.2578749881998, 47.80842920747407 ], [ 14.25574419209376, 47.80392719494597 ], [ 14.260688018451125, 47.800677355631876 ], [ 14.267762775051944, 47.801929360340139 ], [ 14.269894311655509, 47.806431344674145 ], [ 14.264950351223144, 47.809681352513437 ], [ 14.2578749881998, 47.80842920747407 ] ] ] } }
]
}
